"id_avion","id_hora","id_fecha","id_aerolinea","id_operadora","id_aeropuerto_origen","id_aeropuerto_destino","codigo_vuelo","tiempo_estimado_minutos","tiempo_real_minutos","retardo_minutos","distancia_km"
701,7,3,4,5,84,194,"F917340",226,211,0,2488.03964
0,31,10,2,3,172,17,"DL8570",224,207,0,2811.51698
0,41,16,2,3,84,17,"DL3020",170,151,0,1929.5986599999999
701,45,0,4,5,172,85,"F916500",166,152,0,1697.8537
615,63,8,0,0,105,283,"AS2100",214,211,0,2467.11822
615,74,0,0,0,14,283,"AS1000",206,225,19,2330.32432
701,77,23,4,5,41,194,"F919530",197,170,0,1816.94486
545,83,29,7,7,293,162,"B64040",240,225,0,2571.72532
3655,113,3,8,10,214,84,"OO52580",160,150,0,1543.35706
539,113,5,3,4,19,228,"MQ34610",158,162,4,1572.32518
539,113,16,3,4,31,239,"MQ35920",146,156,10,1404.95382
539,113,21,3,4,39,228,"MQ35930",179,154,0,1395.29778
2695,113,25,13,12,90,111,"NK4120",187,171,0,1813.7261799999999
456,113,30,12,11,319,84,"WN29780",110,101,0,1028.36826
701,114,28,4,5,75,194,"F917140",142,137,0,1218.27038
456,118,8,12,11,172,296,"WN19320",95,89,0,638.90798
3655,118,12,8,10,250,84,"OO46520",156,144,0,1371.15768
3655,118,13,8,10,250,84,"OO46520",156,165,9,1371.15768
3655,118,29,8,10,287,84,"OO51260",113,93,0,832.02878
539,122,25,3,4,193,206,"MQ34240",186,171,0,2013.28434
701,123,20,4,5,75,271,"F928260",156,153,0,1414.60986
701,123,27,4,5,75,271,"F928260",156,134,0,1414.60986
701,123,30,4,5,75,271,"F928260",156,,,1414.60986
2248,124,10,9,8,255,81,"OH53540",99,99,0,572.92504
2,126,6,10,9,90,183,"YX44770",122,111,0,807.88868
2,127,26,10,9,224,228,"YX44210",130,128,0,1115.27262
2695,128,23,13,12,39,194,"NK1850",204,212,8,1804.07014
545,133,19,7,7,39,162,"B62170",83,65,0,300.94658
55,133,20,14,13,239,174,"UA19120",92,94,2,595.4558
2248,135,13,9,8,63,81,"OH56140",83,76,0,498.8954
2695,138,13,13,12,194,111,"NK38890",67,51,0,284.85318
2695,143,5,13,12,238,206,"NK3280",175,154,0,1630.26142
2695,143,7,13,12,206,39,"NK8720",202,183,0,2024.54972
55,143,8,14,13,267,84,"UA6990",138,138,0,1293.90936
2248,143,12,9,8,48,81,"OH50340",84,89,5,476.36464
0,143,14,2,3,85,17,"DL4010",125,117,0,1176.42754
701,143,16,4,5,238,194,"F924150",172,175,3,1385.64174
2,143,16,10,9,59,228,"YX46000",75,87,12,315.43064
539,143,17,3,4,260,239,"MQ35030",155,154,0,1437.14062
2,143,17,10,9,59,228,"YX46000",75,75,0,315.43064
539,143,19,3,4,215,228,"MQ38420",57,55,0,173.80872
2695,143,21,13,12,217,90,"NK3080",105,91,0,849.73152
55,143,26,14,13,267,84,"UA6990",138,123,0,1293.90936
0,143,29,2,3,85,17,"DL4010",125,123,0,1176.42754
0,143,30,2,3,274,17,"DL10730",138,150,12,1406.56316
2695,148,2,13,12,90,194,"NK16580",168,160,0,1540.13838
456,148,5,12,11,150,304,"WN5120",80,68,0,630.86128
2695,148,26,13,12,85,206,"NK8110",167,162,0,1804.07014
2695,148,28,13,12,174,149,"NK3140",188,187,0,2219.27986
2248,155,3,9,8,205,81,"OH52330",115,108,0,653.39204
2695,158,3,13,12,218,194,"NK16950",105,97,0,886.74634
2695,158,6,13,12,218,206,"NK2230",108,113,5,1086.3045
545,158,10,7,7,162,206,"B622930",189,177,0,1752.57126
2695,158,22,13,12,90,206,"NK7370",189,177,0,1842.6942999999999
3655,158,23,8,10,260,285,"OO54640",118,115,0,743.51508
3655,158,28,8,10,89,84,"OO47000",133,131,0,947.90126
539,159,11,3,4,143,85,"MQ33370",98,91,0,741.90574
2248,162,15,9,8,128,81,"OH50740",106,124,18,843.29416
456,163,10,12,11,139,223,"WN10200",50,37,0,160.934
456,163,18,12,11,139,223,"WN10200",50,37,0,160.934
2695,165,27,13,12,174,172,"NK6930",69,64,0,379.80424
3,172,6,1,2,162,285,"AA760",407,396,0,4161.75324
3,172,26,1,2,162,285,"AA760",402,415,13,4161.75324
3,173,1,1,2,174,162,"AA1180",316,311,0,3983.1165
701,173,1,4,5,85,84,"F933650",133,128,0,1031.58694
701,173,2,4,5,172,84,"F923500",122,120,0,1010.66552
13,173,2,11,10,191,84,"OO57940",118,100,0,906.05842
3,173,4,1,2,174,162,"AA1180",316,328,12,3983.1165
0,173,4,2,3,217,90,"DL14610",120,183,63,849.73152
2248,173,4,9,8,12,81,"OH51900",99,113,14,511.77012
701,173,5,4,5,317,194,"F920130",177,177,0,1441.96864
701,173,6,4,5,39,85,"F936010",284,314,30,2513.78908
539,173,6,3,4,66,228,"MQ39420",94,74,0,476.36464
13,173,6,11,10,224,84,"OO47510",117,112,0,796.6233
0,173,7,2,3,235,17,"DL13760",112,98,0,877.0903
2,173,7,10,9,304,228,"YX47500",84,87,3,415.20972
2248,173,8,9,8,74,81,"OH51530",70,77,7,400.72566
3655,173,8,8,10,274,285,"OO57670",257,243,0,2385.0418799999998
456,173,9,12,11,139,158,"WN7690",65,56,0,347.61744
2695,173,10,13,12,271,39,"NK5070",190,196,6,2010.06566
615,173,13,0,0,174,236,"AS11110",156,142,0,1342.18956
0,173,13,2,3,149,17,"DL10690",118,118,0,1108.83526
2,173,13,10,9,244,261,"YX45310",80,71,0,527.86352
2695,173,14,13,12,217,90,"NK3080",107,100,0,849.73152
2248,173,14,9,8,53,81,"OH50620",80,79,0,440.95916
2,173,14,10,9,66,238,"YX48010",91,81,0,653.39204
55,173,15,14,13,193,84,"UA23910",119,102,0,857.77822
55,173,16,14,13,244,149,"UA24910",206,170,0,1797.63278
3,173,17,1,2,162,174,"AA1710",381,407,26,3983.1165
3655,173,17,8,10,296,174,"OO53900",100,99,0,600.28382
456,173,17,12,11,139,158,"WN7690",65,55,0,347.61744
3655,173,18,8,10,107,174,"OO54260",72,70,0,336.35206
2248,173,20,9,8,53,81,"OH50620",80,79,0,440.95916
2392,173,21,5,10,277,228,"OO57230",75,34,0,135.18456
0,173,22,2,3,294,17,"DL9070",215,209,0,2558.8506
701,173,22,4,5,271,228,"F937990",200,219,19,1802.4608
2392,173,22,5,10,277,228,"OO57230",75,42,0,135.18456
55,173,23,14,13,228,271,"UA20910",179,186,7,1802.4608
456,173,23,12,11,168,139,"WN8270",55,42,0,262.32242
2392,173,24,5,10,277,228,"OO57230",75,43,0,135.18456
539,173,26,3,4,225,206,"MQ34970",206,200,0,2241.81062
13,173,26,11,10,224,84,"OO47510",117,107,0,796.6233
3655,173,28,8,10,191,84,"OO57940",118,176,58,906.05842
701,173,29,4,5,75,111,"F910470",156,149,0,1499.90488
539,173,29,3,4,130,206,"MQ38060",117,,,1025.14958
2248,173,29,9,8,74,81,"OH51530",70,73,3,400.72566
3,173,30,1,2,174,162,"AA1180",329,320,0,3983.1165
2248,174,7,9,8,207,81,"OH56460",128,105,0,1020.32156
0,175,17,2,3,255,17,"DL10230",172,150,0,1453.23402
2,176,4,10,9,63,183,"YX46770",105,83,0,674.31346
13,178,4,11,10,224,84,"OO47510",117,133,16,796.6233
456,178,14,12,11,236,222,"WN9860",105,97,0,873.87162
539,178,27,3,4,75,206,"MQ35450",160,151,0,1525.65432
2,180,24,10,9,261,81,"YX44940",76,63,0,365.32018
539,181,8,3,4,144,81,"MQ34500",111,100,0,986.5254199999999
2248,181,19,9,8,80,81,"OH52610",92,86,0,629.25194
2695,182,11,13,12,65,271,"NK4990",122,108,0,965.604
2695,183,0,13,12,149,111,"NK9320",142,130,0,1554.62244
539,183,10,3,4,18,85,"MQ41870",189,169,0,1461.28072
2695,183,18,13,12,85,111,"NK7710",165,143,0,1800.85146
2248,183,21,9,8,304,81,"OH50760",126,,,1157.11546
615,185,11,0,0,267,283,"AS10170",128,105,0,907.66776
2695,185,15,13,12,174,149,"NK3140",188,187,0,2219.27986
55,188,0,14,13,283,174,"UA2790",166,161,0,1535.31036
55,188,2,14,13,193,149,"UA18980",134,114,0,1034.80562
3655,188,5,8,10,6,285,"OO53130",79,69,0,402.335
3655,188,11,8,10,250,285,"OO58110",145,155,10,997.7908
615,188,15,0,0,273,283,"AS12450",188,190,2,1689.807
13,188,19,11,10,273,174,"OO47230",66,66,0,175.41806
3655,188,20,8,10,6,285,"OO53130",79,85,6,402.335
13,188,24,11,10,273,174,"OO47230",66,64,0,175.41806
539,190,18,3,4,129,228,"MQ36730",130,119,0,947.90126
2695,191,9,13,12,90,183,"NK8310",104,97,0,807.88868
3655,193,6,8,10,276,285,"OO55320",77,78,1,421.64708
701,193,7,4,5,261,17,"F947970",104,109,5,572.92504
456,193,12,12,11,50,273,"WN10900",350,345,0,3693.4353
456,193,16,12,11,50,273,"WN10900",350,344,0,3693.4353
3655,193,25,8,10,214,174,"OO47170",88,72,0,428.08444
2695,193,29,13,12,90,271,"NK2240",180,165,0,1744.52456
2695,198,1,13,12,103,111,"NK6910",188,180,0,1713.9471
456,198,6,12,11,66,37,"WN15880",85,92,7,542.34758
539,200,1,3,4,1,85,"MQ36470",61,56,0,254.27572
2248,201,16,9,8,152,81,"OH50220",82,71,0,513.37946
545,203,0,7,7,162,41,"B68380",227,237,10,2536.31984
2392,203,4,5,10,18,228,"OO59570",87,79,0,257.4944
545,203,15,7,7,162,293,"B622030",226,209,0,2571.72532
539,203,15,3,4,209,85,"MQ35340",148,161,13,1112.05394
2695,203,17,13,12,183,90,"NK6440",117,108,0,807.88868
2248,203,18,9,8,142,81,"OH56780",75,79,4,376.58556
2,203,18,10,9,39,304,"YX43860",208,197,0,1684.97898
3655,203,21,8,10,20,228,"OO46280",131,147,16,862.60624
0,203,23,2,3,17,183,"DL4040",133,123,0,1226.31708
2,203,30,10,9,39,304,"YX44560",208,223,15,1684.97898
2248,205,0,9,8,53,65,"OH54950",108,110,2,634.07996
2248,208,6,9,8,53,65,"OH54950",108,102,0,634.07996
2248,208,27,9,8,53,65,"OH54950",104,87,0,634.07996
456,208,27,12,11,222,236,"WN12890",105,103,0,873.87162
2248,208,28,9,8,53,65,"OH54950",104,95,0,634.07996
2,213,1,10,9,282,228,"YX46220",90,102,12,460.27124
701,213,8,4,5,84,81,"F96860",203,186,0,2375.38584
456,213,29,12,11,70,239,"WN11110",125,114,0,886.74634
2248,214,11,9,8,81,154,"OH54050",119,120,1,804.67
2,218,8,10,9,255,228,"YX44080",175,207,32,1366.32966
701,218,17,4,5,238,84,"F932650",271,265,0,2507.35172
701,218,26,4,5,75,206,"F939360",163,151,0,1525.65432
2,219,0,10,9,183,244,"YX44480",92,85,0,539.1289
2695,223,19,13,12,50,111,"NK7570",162,142,0,1488.6395
2695,223,20,13,12,50,111,"NK7570",162,149,0,1488.6395
2,227,10,10,9,81,255,"YX47290",83,97,14,572.92504
2,227,12,10,9,81,255,"YX47290",83,73,0,572.92504
2,227,23,10,9,81,255,"YX47290",83,74,0,572.92504
2248,228,17,9,8,74,65,"OH52310",80,105,25,355.66414
539,231,7,3,4,75,39,"MQ37770",126,118,0,1210.22368
539,231,20,3,4,75,39,"MQ37770",126,171,45,1210.22368
2,232,2,10,9,81,39,"YX44550",98,95,0,642.12666
3,232,3,1,2,162,174,"AA10",389,411,22,3983.1165
2,232,4,10,9,183,261,"YX43450",118,98,0,693.62554
0,232,27,2,3,183,17,"DL3420",150,133,0,1226.31708
3,232,29,1,2,162,174,"AA10",388,371,0,3983.1165
541,233,0,6,6,294,139,"HA950",430,453,23,4818.36396
541,233,1,6,6,294,139,"HA950",430,391,0,4818.36396
615,233,2,0,0,39,283,"AS4590",400,364,0,4016.91264
2,233,3,10,9,318,183,"YX45810",180,205,25,1981.09754
0,233,6,2,3,274,17,"DL10660",135,130,0,1406.56316
3,233,9,1,2,162,174,"AA10",383,351,0,3983.1165
615,233,9,0,0,39,283,"AS4590",400,398,0,4016.91264
701,233,9,4,5,81,84,"F96850",252,235,0,2375.38584
2248,233,9,9,8,46,81,"OH54270",160,150,0,1585.1999
615,233,10,0,0,285,273,"AS9120",95,89,0,719.37498
2392,233,11,5,10,207,228,"OO48030",65,62,0,107.82578
2,233,11,10,9,199,228,"YX44040",116,106,0,790.18594
2695,233,12,13,12,183,149,"NK4090",251,226,0,2278.82544
541,233,13,6,6,294,139,"HA950",425,410,0,4818.36396
615,233,14,0,0,233,239,"AS7320",175,157,0,1823.38222
13,233,14,11,10,319,84,"OO56570",121,157,36,1028.36826
3,233,15,1,2,162,174,"AA10",383,356,0,3983.1165
541,233,15,6,6,294,139,"HA950",425,448,23,4818.36396
456,233,15,12,11,291,174,"WN20230",80,83,3,495.67672
3655,233,16,8,10,107,285,"OO53290",69,60,0,254.27572
13,233,16,11,10,308,84,"OO56270",133,123,0,896.40238
13,233,17,11,10,319,84,"OO56570",121,119,0,1028.36826
541,233,18,6,6,294,139,"HA950",425,434,9,4818.36396
541,233,19,6,6,222,223,"HA230",320,292,0,3780.33966
55,233,19,14,13,285,239,"UA22910",115,113,0,1047.68034
2,233,19,10,9,66,39,"YX46420",116,110,0,1029.9776
615,233,20,0,0,285,103,"AS2920",338,319,0,4127.9571
2,233,20,10,9,199,228,"YX44040",116,126,10,790.18594
456,233,21,12,11,184,172,"WN18410",70,57,0,371.75754
615,233,22,0,0,239,283,"AS6450",190,204,14,1781.53938
541,233,22,6,6,222,185,"HA670",335,330,0,3954.14838
13,233,22,11,10,285,16,"OO57840",163,145,0,1364.72032
615,233,24,0,0,218,283,"AS4510",320,306,0,3357.08324
0,233,24,2,3,90,217,"DL17460",126,115,0,849.73152
541,233,27,6,6,222,185,"HA670",335,334,0,3954.14838
2,233,27,10,9,199,228,"YX44040",116,175,59,790.18594
539,233,28,3,4,207,206,"MQ39300",200,191,0,2024.54972
456,233,28,12,11,139,172,"WN14910",350,319,0,4444.99708
2248,233,30,9,8,46,81,"OH54940",160,142,0,1585.1999
539,235,23,3,4,129,206,"MQ36400",132,127,0,1142.6314
3,236,10,1,2,174,162,"AA20",327,297,0,3983.1165
3,236,13,1,2,174,162,"AA20",327,334,7,3983.1165
3,236,18,1,2,174,162,"AA20",327,302,0,3983.1165
3,236,24,1,2,174,162,"AA20",327,327,0,3983.1165
615,237,7,0,0,236,194,"AS3000",326,315,0,4078.06756
541,238,3,6,6,291,139,"HA910",340,351,11,3889.77478
0,238,9,2,3,172,17,"DL6770",225,228,3,2811.51698
55,238,12,14,13,134,84,"UA27260",77,46,0,226.91694
0,238,15,2,3,149,17,"DL13150",122,121,0,1108.83526
2392,238,16,5,10,74,228,"OO58010",112,115,3,669.48544
0,238,21,2,3,149,17,"DL13150",122,104,0,1108.83526
0,238,25,2,3,183,206,"DL23470",196,207,11,1763.83664
456,238,25,12,11,50,174,"WN24450",360,331,0,3748.15286
2392,238,28,5,10,74,228,"OO58010",112,84,0,669.48544
615,241,18,0,0,49,236,"AS10570",144,151,7,1314.83078
0,243,2,2,3,111,217,"DL10670",239,241,2,2393.08858
2695,243,24,13,12,111,85,"NK4130",202,181,0,1800.85146
2,243,29,10,9,81,39,"YX45710",92,92,0,642.12666
539,245,24,3,4,161,206,"MQ38780",80,94,14,539.1289
615,247,4,0,0,273,162,"AS240",316,376,60,3936.44564
0,248,5,2,3,111,39,"DL15780",197,189,0,1990.75358
456,248,13,12,11,139,223,"WN1480",50,37,0,160.934
539,248,16,3,4,239,296,"MQ37000",130,119,0,1041.24298
2392,248,17,5,10,192,228,"OO54730",102,92,0,357.27348
701,248,21,4,5,194,183,"F943840",165,148,0,1528.873
55,248,22,14,13,183,228,"UA17970",167,165,0,1179.64622
2392,248,29,5,10,192,228,"OO54730",95,88,0,357.27348
539,253,4,3,4,328,228,"MQ40880",110,115,5,840.07548
615,253,5,0,0,273,236,"AS9740",165,159,0,1501.51422
539,253,6,3,4,228,39,"MQ37030",142,140,0,1395.29778
55,253,7,14,13,315,228,"UA21950",188,199,11,1628.65208
456,253,8,12,11,296,172,"WN26580",85,78,0,638.90798
2392,253,16,5,10,228,196,"OO55810",104,99,0,955.94796
55,253,18,14,13,285,273,"UA5390",97,84,0,719.37498
539,253,19,3,4,228,39,"MQ37030",143,158,15,1395.29778
2392,253,20,5,10,228,196,"OO55810",104,106,2,955.94796
2392,253,21,5,10,228,196,"OO55810",104,114,10,955.94796
2392,253,24,5,10,228,196,"OO55810",104,117,13,955.94796
2,254,9,10,9,318,183,"YX45810",188,193,5,1981.09754
0,255,1,2,3,194,162,"DL26930",158,152,0,1519.21696
3655,256,24,8,10,254,174,"OO55420",67,67,0,177.0274
539,257,9,3,4,186,65,"MQ33710",121,125,4,1029.9776
456,258,1,12,11,273,139,"WN11310",380,378,0,4206.81476
0,258,16,2,3,17,81,"DL9260",103,94,0,880.30898
2392,258,22,5,10,228,268,"OO52710",108,102,0,854.55954
2392,258,23,5,10,228,268,"OO52710",108,105,0,854.55954
2392,258,27,5,10,228,268,"OO52710",108,115,7,854.55954
3,260,12,1,2,285,162,"AA2340",334,326,0,4161.75324
3,260,27,1,2,285,162,"AA2340",334,336,2,4161.75324
2248,261,26,9,8,65,142,"OH54310",121,131,10,907.66776
2248,262,13,9,8,81,17,"OH55470",127,109,0,880.30898
3655,262,15,8,10,132,84,"OO56020",91,75,0,244.61968
2392,263,3,5,10,318,228,"OO52880",119,143,24,941.4639
55,263,3,14,13,19,285,"UA3240",242,241,0,2420.44736
3,263,7,1,2,285,162,"AA2340",327,366,39,4161.75324
701,263,12,4,5,238,271,"F920250",187,190,3,1598.07462
2695,263,13,13,12,111,85,"NK4130",205,199,0,1800.85146
2248,264,10,9,8,81,63,"OH54130",94,76,0,498.8954
2,265,15,10,9,58,81,"YX44160",103,106,3,714.54696
13,268,11,11,10,16,84,"OO57660",84,79,0,201.1675
13,268,29,11,10,16,84,"OO57660",80,88,8,201.1675
13,268,30,11,10,16,84,"OO57660",80,92,12,201.1675
541,273,2,6,6,184,139,"HA690",360,357,0,4134.39446
456,273,6,12,11,37,239,"WN4280",245,270,25,2331.93366
3655,273,7,8,10,95,285,"OO55370",184,156,0,1363.11098
2248,278,1,9,8,11,81,"OH50420",102,98,0,753.17112
2392,278,2,5,10,87,228,"OO46700",116,101,0,638.90798
456,278,5,12,11,304,39,"WN5690",150,141,0,1684.97898
3655,278,29,8,10,84,38,"OO46780",124,128,4,1044.46166
456,283,11,12,11,168,172,"WN20840",340,329,0,4372.57678
615,283,16,0,0,172,283,"AS3800",167,152,0,1395.29778
456,283,19,12,11,168,172,"WN20840",340,321,0,4372.57678
2248,283,29,9,8,81,218,"OH54700",184,163,0,1559.45046
615,288,1,0,0,283,84,"AS6820",167,158,0,1647.96416
2248,288,2,9,8,81,66,"OH53670",100,86,0,519.81682
615,288,8,0,0,283,84,"AS6820",167,142,0,1647.96416
615,288,19,0,0,283,239,"AS2000",178,172,0,1781.53938
701,288,23,4,5,194,84,"F917330",266,234,0,2488.03964
2695,289,27,13,12,172,236,"NK6940",144,120,0,1227.92642
701,291,1,4,5,84,227,"F912610",153,136,0,1318.04946
701,292,0,4,5,85,273,"F914250",210,182,0,1884.53714
2,292,6,10,9,183,66,"YX44000",107,127,20,770.87386
2695,292,8,13,12,90,315,"NK3190",163,176,13,1581.98122
3655,293,1,8,10,159,285,"OO52150",167,173,6,1186.08358
13,293,1,11,10,319,84,"OO56570",127,125,0,1028.36826
2,293,1,10,9,228,154,"YX44420",71,54,0,284.85318
456,293,4,12,11,19,84,"WN10150",140,153,13,1247.2385
2392,293,5,5,10,87,228,"OO46700",115,91,0,638.90798
2392,293,7,5,10,87,228,"OO46700",115,108,0,638.90798
13,293,7,11,10,319,84,"OO56570",121,121,0,1028.36826
456,293,7,12,11,139,172,"WN14910",350,339,0,4444.99708
0,293,8,2,3,81,17,"DL3430",118,117,0,880.30898
55,293,9,14,13,271,84,"UA19230",265,258,0,2586.20938
456,293,9,12,11,158,139,"WN20930",65,50,0,347.61744
541,293,10,6,6,184,139,"HA690",370,342,0,4134.39446
456,293,10,12,11,223,139,"WN19020",50,35,0,160.934
3,293,11,1,2,162,285,"AA1790",403,414,11,4161.75324
2392,293,12,5,10,87,228,"OO46700",115,106,0,638.90798
2,293,13,10,9,261,244,"YX45320",85,78,0,527.86352
541,293,16,6,6,184,139,"HA690",370,361,0,4134.39446
2,293,16,10,9,228,318,"YX47270",128,121,0,941.4639
456,293,17,12,11,158,139,"WN20930",65,61,0,347.61744
539,293,18,3,4,228,63,"MQ35530",81,81,0,508.55144
456,293,18,12,11,223,139,"WN19020",50,42,0,160.934
3,293,19,1,2,162,285,"AA1790",403,385,0,4161.75324
456,293,20,12,11,291,139,"WN24490",345,318,0,3889.77478
3,293,21,1,2,39,174,"AA24550",401,388,0,4201.98674
539,293,21,3,4,228,294,"MQ42210",220,234,14,2011.675
13,293,21,11,10,159,285,"OO59190",165,185,20,1186.08358
55,293,21,14,13,225,228,"UA26680",106,118,12,669.48544
456,293,22,12,11,223,139,"WN19020",50,39,0,160.934
541,293,23,6,6,139,283,"HA6700",345,334,0,4308.20318
615,293,26,0,0,2,283,"AS6180",204,176,0,1899.0212
3655,293,27,8,10,224,84,"OO46380",117,108,0,796.6233
541,293,28,6,6,139,283,"HA6700",345,320,0,4308.20318
3655,293,30,8,10,276,285,"OO56280",85,118,33,421.64708
55,295,6,14,13,84,315,"UA12850",207,193,0,2423.66604
539,295,12,3,4,37,85,"MQ39790",137,121,0,1015.4935399999999
539,295,13,3,4,37,85,"MQ39790",137,144,7,1015.4935399999999
615,295,30,0,0,283,84,"AS6820",166,162,0,1647.96416
13,295,30,11,10,84,16,"OO57820",57,54,0,201.1675
13,298,4,11,10,84,16,"OO57820",64,61,0,201.1675
55,298,15,14,13,84,271,"UA22930",223,224,1,2586.20938
0,298,19,2,3,111,90,"DL5120",184,173,0,1813.7261799999999
0,298,26,2,3,111,90,"DL5120",184,191,7,1813.7261799999999
0,298,28,2,3,238,17,"DL11800",135,126,0,1071.82044
615,299,6,0,0,236,103,"AS2900",323,320,0,3917.1335599999998
539,301,0,3,4,85,193,"MQ34420",97,88,0,740.2964
539,301,1,3,4,85,46,"MQ34280",83,79,0,616.37722
2,301,22,10,9,282,183,"YX46150",125,123,0,1060.55506
2,301,25,10,9,282,183,"YX46150",125,143,18,1060.55506
13,303,2,11,10,84,2,"OO54870",94,82,0,561.65966
2248,303,12,9,8,81,52,"OH50260",104,97,0,656.61072
2248,303,14,9,8,81,52,"OH50260",104,156,52,656.61072
2248,303,20,9,8,81,52,"OH50260",104,95,0,656.61072
13,303,26,11,10,84,16,"OO57820",64,49,0,201.1675
2392,308,0,5,10,18,228,"OO46610",87,73,0,257.4944
2392,308,1,5,10,18,228,"OO46610",87,69,0,257.4944
13,308,8,11,10,324,84,"OO53830",230,197,0,1870.05308
2392,308,18,5,10,18,228,"OO46610",87,75,0,257.4944
3655,308,19,8,10,174,273,"OO46430",58,47,0,175.41806
2392,308,25,5,10,18,228,"OO46610",87,82,0,257.4944
55,308,27,14,13,312,84,"UA14020",257,250,0,2401.13528
615,308,29,0,0,273,17,"AS4740",259,248,0,3044.87128
2,310,7,10,9,228,183,"YX43530",125,125,0,1179.64622
701,311,28,4,5,194,75,"F917130",150,119,0,1218.27038
2248,313,3,9,8,81,129,"OH53950",87,67,0,399.11632
55,313,4,14,13,215,84,"UA3640",163,141,0,1329.31484
541,313,7,6,6,222,139,"HA470",340,341,1,3876.90006
3655,313,18,8,10,174,296,"OO55370",98,105,7,600.28382
13,313,19,11,10,174,16,"OO59820",159,146,0,1186.08358
13,313,24,11,10,174,16,"OO59820",159,134,0,1186.08358
2248,315,19,9,8,81,29,"OH51860",143,139,0,1050.89902
2248,316,4,9,8,81,282,"OH56020",121,120,0,762.82716
55,317,5,14,13,215,84,"UA15270",163,163,0,1329.31484
539,317,11,3,4,85,175,"MQ36350",73,68,0,453.83388
2248,317,15,9,8,81,282,"OH56020",124,138,14,762.82716
13,318,3,11,10,174,16,"OO59820",159,126,0,1186.08358
539,318,5,3,4,228,66,"MQ38430",83,73,0,476.36464
615,318,12,0,0,283,90,"AS3040",268,250,0,3101.19818
0,318,12,2,3,19,17,"DL28990",130,113,0,1308.39342
3655,318,23,8,10,285,107,"OO56620",75,62,0,254.27572
3655,322,0,8,10,38,84,"OO46590",126,121,0,1044.46166
3,322,2,1,2,162,298,"AA24590",404,362,0,3949.32036
2,322,24,10,9,81,17,"YX44670",136,120,0,880.30898
615,323,3,0,0,273,147,"AS3220",288,300,12,3625.84302
3,323,5,1,2,162,174,"AA2550",402,404,2,3983.1165
3655,323,5,8,10,285,296,"OO52200",57,51,0,138.40324
541,323,6,6,6,174,185,"HA630",360,330,0,4208.4241
539,323,22,3,4,66,228,"MQ35720",90,110,20,476.36464
3655,323,28,8,10,84,132,"OO52650",71,63,0,244.61968
55,323,30,14,13,66,84,"UA7280",200,183,0,1857.1783599999999
2248,327,18,9,8,81,275,"OH52600",127,105,0,835.24746
2,327,26,10,9,228,24,"YX45240",131,127,0,1260.11322
3655,328,20,8,10,285,38,"OO52120",110,97,0,840.07548
13,333,15,11,10,286,84,"OO58980",151,129,0,1025.14958
13,333,20,11,10,286,84,"OO58980",151,135,0,1025.14958
456,333,23,12,11,139,222,"WN20960",310,299,0,3876.90006
13,333,27,11,10,286,84,"OO58980",151,159,8,1025.14958
456,333,29,12,11,239,291,"WN12820",125,130,5,999.40014
456,333,30,12,11,84,291,"WN20890",165,175,10,1525.65432
539,337,17,3,4,239,224,"MQ40970",141,125,0,1340.58022
2392,338,4,5,10,228,199,"OO53610",118,117,0,790.18594
2,338,14,10,9,238,104,"YX43500",200,199,0,1804.07014
541,338,21,6,6,174,185,"HA630",355,333,0,4208.4241
615,338,23,0,0,260,283,"AS9070",70,75,5,366.92952
701,339,20,4,5,271,75,"F928250",151,155,4,1414.60986
701,339,27,4,5,271,75,"F928250",151,149,0,1414.60986
701,339,30,4,5,271,75,"F928250",151,159,8,1414.60986
2,340,10,10,9,255,81,"YX46680",98,89,0,572.92504
2,340,12,10,9,255,81,"YX46680",98,102,4,572.92504
2,340,23,10,9,255,81,"YX46680",98,92,0,572.92504
13,342,0,11,10,286,84,"OO58980",151,145,0,1025.14958
0,343,3,2,3,217,174,"DL21020",255,234,0,2470.3369
3655,343,10,8,10,289,84,"OO59000",162,161,0,1274.59728
541,343,11,6,6,227,139,"HA790",375,429,54,4189.11202
2392,343,11,5,10,228,114,"OO54580",114,102,0,743.51508
541,343,14,6,6,227,139,"HA790",375,379,4,4189.11202
541,343,17,6,6,227,139,"HA790",375,359,0,4189.11202
2392,343,17,5,10,228,114,"OO54580",114,101,0,743.51508
3655,343,22,8,10,228,38,"OO59280",255,257,2,2312.62158
541,348,24,6,6,285,223,"HA410",330,336,6,3762.63692
541,348,29,6,6,285,223,"HA410",330,367,37,3762.63692
2248,349,16,9,8,81,244,"OH56490",72,57,0,328.30536
3655,351,21,8,10,228,308,"OO56080",244,236,0,2158.12494
2392,351,28,5,10,228,128,"OO55300",71,67,0,220.47958
701,352,7,4,5,17,229,"F930720",98,92,0,830.41944
2695,352,9,13,12,183,218,"NK8320",216,197,0,1903.84922
0,352,20,2,3,183,17,"DL9920",154,154,0,1226.31708
3655,353,6,8,10,285,95,"OO59950",154,174,20,1363.11098
13,353,13,11,10,16,84,"OO57700",84,118,34,201.1675
456,353,13,12,11,223,139,"WN21660",55,41,0,160.934
3655,353,16,8,10,285,95,"OO59950",154,141,0,1363.11098
2392,353,29,5,10,228,215,"OO47250",67,85,18,173.80872
55,354,10,14,13,274,84,"UA7910",143,147,4,1277.81596
2,355,21,10,9,39,183,"YX43490",80,80,0,296.11856
2695,355,25,13,12,111,66,"NK7820",161,154,0,1565.88782
2,356,0,10,9,244,162,"YX45680",94,110,16,547.1756
55,357,29,14,13,274,84,"UA21670",143,147,4,1277.81596
456,358,15,12,11,174,319,"WN35010",95,77,0,725.81234
541,358,25,6,6,236,223,"HA390",365,381,16,4123.12908
3655,358,26,8,10,107,84,"OO57870",146,151,5,1358.28296
456,358,27,12,11,236,222,"WN17940",105,97,0,873.87162
541,358,30,6,6,236,223,"HA390",365,378,13,4123.12908
2695,359,11,13,12,271,90,"NK8360",179,170,0,1744.52456
456,363,14,12,11,222,223,"WN18790",335,321,0,3780.33966
2695,363,21,13,12,90,315,"NK3190",164,150,0,1581.98122
701,364,4,4,5,65,238,"F943540",116,107,0,722.59366
2248,366,11,9,8,154,81,"OH54051",99,99,0,804.67
701,368,10,4,5,238,235,"F927190",174,157,0,1530.48234
0,368,24,2,3,217,174,"DL21020",247,230,0,2470.3369
3655,370,25,8,10,174,294,"OO59550",121,110,0,949.5106
2695,371,2,13,12,194,218,"NK17000",113,107,0,886.74634
541,373,12,6,6,291,139,"HA910",345,329,0,3889.77478
539,376,27,3,4,206,37,"MQ37740",150,141,0,1297.12804
2695,377,5,13,12,206,65,"NK8820",135,136,1,1046.071
2,378,2,10,9,39,162,"YX45660",86,65,0,300.94658
3655,378,11,8,10,285,319,"OO55600",134,152,18,1208.61434
3655,378,17,8,10,174,159,"OO59840",149,139,0,1261.72256
701,378,22,4,5,228,194,"F927920",175,165,0,1617.3867
3655,378,24,8,10,174,159,"OO59840",149,130,0,1261.72256
3,378,28,1,2,162,298,"AA24590",383,356,0,3949.32036
2248,379,17,9,8,65,208,"OH53220",127,107,0,788.5766
701,379,29,4,5,111,75,"F910480",164,151,0,1499.90488
2,380,4,10,9,261,183,"YX44630",92,85,0,693.62554
701,380,16,4,5,194,238,"F924160",155,142,0,1385.64174
2695,381,6,13,12,206,149,"NK2240",188,186,0,1551.40376
2,381,18,10,9,304,39,"YX44590",153,144,0,1684.97898
2,381,30,10,9,304,39,"YX44561",153,140,0,1684.97898
2695,382,3,13,12,194,183,"NK16960",151,146,0,1528.873
3655,383,2,8,10,274,285,"OO54760",257,254,0,2385.0418799999998
3,383,14,1,2,162,298,"AA24590",383,370,0,3949.32036
3,383,16,1,2,162,298,"AA24590",383,381,0,3949.32036
456,383,26,12,11,223,222,"WN22440",300,270,0,3780.33966
2,384,29,10,9,39,162,"YX45660",80,71,0,300.94658
2248,385,0,9,8,65,11,"OH54060",74,107,33,225.3076
615,388,10,0,0,273,283,"AS12590",189,181,0,1689.807
2248,388,10,9,8,63,81,"OH54131",83,70,0,498.8954
456,388,21,12,11,172,185,"WN16660",400,366,0,4535.12012
615,389,13,0,0,236,239,"AS12390",154,153,0,1623.82406
539,391,7,3,4,39,206,"MQ42020",238,210,0,2024.54972
539,391,20,3,4,39,228,"MQ37760",178,167,0,1395.29778
0,393,11,2,3,17,235,"DL15270",110,110,0,877.0903
2,393,17,10,9,228,149,"YX47240",180,154,0,1488.6395
2248,393,27,9,8,65,11,"OH54060",88,88,0,225.3076
0,393,29,2,3,17,235,"DL15270",110,124,14,877.0903
0,398,7,2,3,17,84,"DL9950",207,214,7,1929.5986599999999
2248,399,6,9,8,65,74,"OH56510",93,74,0,355.66414
2695,400,7,13,12,39,206,"NK8770",221,226,5,2024.54972
701,400,9,4,5,84,172,"F919930",132,152,20,1010.66552
55,400,11,14,13,172,84,"UA7320",118,104,0,1010.66552
0,401,10,2,3,17,19,"DL28860",157,149,0,1308.39342
2695,402,22,13,12,206,217,"NK7380",241,248,7,2415.61934
2,403,8,10,9,228,59,"YX43620",74,61,0,315.43064
456,403,10,12,11,139,185,"WN19010",55,43,0,164.15268
0,403,14,2,3,17,84,"DL21810",205,207,2,1929.5986599999999
55,403,16,14,13,149,218,"UA22050",77,86,9,490.8487
456,403,18,12,11,139,185,"WN19010",55,42,0,164.15268
2,403,20,10,9,228,59,"YX43620",74,75,1,315.43064
456,403,22,12,11,139,185,"WN19010",55,41,0,164.15268
3655,404,8,8,10,285,319,"OO55600",134,126,0,1208.61434
701,405,5,4,5,194,207,"F911410",195,197,2,1715.55644
2248,407,28,9,8,65,74,"OH56510",82,67,0,355.66414
541,408,4,6,6,222,185,"HA670",340,331,0,3954.14838
2248,408,7,9,8,81,75,"OH56630",103,94,0,661.43874
545,408,10,7,7,206,162,"B625920",184,168,0,1752.57126
3655,408,13,8,10,84,275,"OO55730",204,189,0,2275.60676
55,408,13,14,13,84,261,"UA14130",196,221,25,2311.01224
539,408,16,3,4,296,239,"MQ37001",120,106,0,1041.24298
701,410,2,4,5,84,172,"F919930",132,136,4,1010.66552
2,410,11,10,9,228,304,"YX45950",87,71,0,415.20972
55,410,19,14,13,239,285,"UA7550",135,130,0,1047.68034
3655,410,27,8,10,84,89,"OO53500",115,108,0,947.90126
2,410,27,10,9,228,304,"YX45950",87,85,0,415.20972
0,412,17,2,3,17,162,"DL10340",133,138,5,1223.0984
0,412,23,2,3,183,17,"DL9890",155,146,0,1226.31708
456,413,2,12,11,168,222,"WN14020",310,283,0,3827.01052
13,413,4,11,10,16,174,"OO58510",160,161,1,1186.08358
3,413,8,1,2,162,298,"AA24590",377,353,0,3949.32036
2248,413,8,9,8,81,12,"OH54330",99,77,0,511.77012
13,413,9,11,10,16,174,"OO58510",160,146,0,1186.08358
13,413,10,11,10,16,174,"OO58510",160,137,0,1186.08358
13,413,12,11,10,16,174,"OO58510",160,171,11,1186.08358
55,413,18,14,13,273,285,"UA24800",106,91,0,719.37498
3655,413,19,8,10,273,174,"OO52490",66,60,0,175.41806
2,413,19,10,9,39,81,"YX47760",110,100,0,642.12666
13,413,23,11,10,16,174,"OO58510",160,126,0,1186.08358
3655,413,28,8,10,84,143,"OO58160",164,,,1646.35482
13,413,28,11,10,16,174,"OO58510",160,138,0,1186.08358
539,414,1,3,4,46,85,"MQ34281",97,98,1,616.37722
13,416,29,11,10,84,16,"OO54440",61,50,0,201.1675
2248,418,2,9,8,66,81,"OH55590",75,71,0,519.81682
2248,418,26,9,8,142,65,"OH54311",127,108,0,907.66776
2248,419,13,9,8,17,81,"OH55471",123,108,0,880.30898
539,420,10,3,4,85,80,"MQ39040",142,144,2,1385.64174
0,421,4,2,3,90,17,"DL28560",132,111,0,955.94796
2695,421,10,13,12,39,271,"NK5080",219,205,0,2010.06566
3655,422,3,8,10,84,224,"OO53240",111,109,0,796.6233
3655,422,5,8,10,296,285,"OO52480",71,48,0,138.40324
55,422,8,14,13,84,218,"UA22730",161,152,0,1709.11908
539,422,11,3,4,175,85,"MQ36351",76,74,0,453.83388
2695,422,23,13,12,194,103,"NK8640",166,156,0,1507.95158
2248,423,1,9,8,81,48,"OH53720",94,80,0,476.36464
13,423,11,11,10,84,16,"OO54440",85,50,0,201.1675
3655,423,12,8,10,84,324,"OO47720",176,172,0,1870.05308
2,423,15,10,9,81,257,"YX44480",115,97,0,775.70188
539,423,22,3,4,228,98,"MQ38770",209,210,1,1989.14424
615,426,11,0,0,283,75,"AS5080",261,266,5,3162.3531
2248,428,19,9,8,29,81,"OH51861",119,105,0,1050.89902
2695,428,29,13,12,271,90,"NK2270",179,165,0,1744.52456
539,430,3,3,4,85,73,"MQ34370",93,91,0,569.70636
2248,430,3,9,8,129,81,"OH53951",78,66,0,399.11632
2695,430,26,13,12,206,261,"NK3290",132,128,0,1126.538
0,431,16,2,3,81,17,"DL9261",116,123,7,880.30898
456,433,4,12,11,84,111,"WN27010",230,205,0,2740.70602
3655,433,14,8,10,224,228,"OO58230",131,144,13,1115.27262
13,433,30,11,10,16,84,"OO58900",80,47,0,201.1675
701,434,1,4,5,227,283,"F931640",171,179,8,1538.52904
2248,437,12,9,8,52,81,"OH50261",93,78,0,656.61072
2248,437,14,9,8,52,81,"OH50261",93,86,0,656.61072
2248,437,20,9,8,52,81,"OH50261",93,102,9,656.61072
539,438,0,3,4,193,85,"MQ34421",107,88,0,740.2964
539,438,4,3,4,228,19,"MQ37490",171,152,0,1572.32518
456,438,8,12,11,172,223,"WN10630",385,375,0,4337.1713
456,438,12,12,11,273,139,"WN24140",380,350,0,4206.81476
456,438,16,12,11,273,139,"WN24140",380,366,0,4206.81476
539,440,15,3,4,85,224,"MQ39340",68,65,0,281.6345
2695,440,24,13,12,85,90,"NK4180",160,152,0,1586.80924
701,442,0,4,5,273,85,"F914260",183,161,0,1884.53714
2,443,5,10,9,66,183,"YX43810",104,107,3,770.87386
2,443,6,10,9,66,183,"YX43810",104,111,7,770.87386
615,443,15,0,0,283,14,"AS6470",231,205,0,2330.32432
3655,443,23,8,10,107,174,"OO53070",81,71,0,336.35206
3,444,9,1,2,174,162,"AA2380",328,322,0,3983.1165
3,444,17,1,2,174,162,"AA2380",328,307,0,3983.1165
3,444,29,1,2,174,162,"AA2380",328,327,0,3983.1165
701,446,26,4,5,206,75,"F935230",178,171,0,1525.65432
3655,446,29,8,10,38,285,"OO47330",119,124,5,840.07548
2392,448,1,5,10,228,282,"OO53180",81,74,0,460.27124
3655,448,1,8,10,285,308,"OO58930",124,98,0,944.68258
2392,448,2,5,10,228,282,"OO53180",81,85,4,460.27124
2392,448,3,5,10,228,282,"OO53180",81,95,14,460.27124
55,448,3,14,13,285,298,"UA11640",103,116,13,598.67448
3655,448,7,8,10,285,134,"OO57520",150,140,0,1348.62692
55,448,7,14,13,228,235,"UA11390",193,183,0,1841.08496
3655,448,9,8,10,285,6,"OO47080",84,61,0,402.335
541,448,19,6,6,223,285,"HA420",300,302,2,3762.63692
2392,448,20,5,10,228,277,"OO47910",57,41,0,135.18456
13,448,25,11,10,38,84,"OO46560",122,120,0,1044.46166
55,448,25,14,13,228,235,"UA11390",193,163,0,1841.08496
3,450,26,1,2,285,162,"AA160",336,327,0,4161.75324
2248,450,29,9,8,218,81,"OH54701",160,163,3,1559.45046
2248,451,16,9,8,244,81,"OH56491",70,68,0,328.30536
2,451,16,10,9,318,228,"YX47271",122,116,0,941.4639
3,452,6,1,2,285,162,"AA160",331,311,0,4161.75324
3655,452,18,8,10,296,174,"OO57080",109,94,0,600.28382
615,453,2,0,0,283,19,"AS5020",253,233,0,2848.5318
13,453,5,11,10,16,84,"OO48050",84,65,0,201.1675
2392,453,5,5,10,228,74,"OO52890",94,89,0,669.48544
2392,453,7,5,10,228,74,"OO52890",94,95,1,669.48544
2392,453,12,5,10,228,74,"OO52890",94,87,0,669.48544
13,453,18,11,10,16,84,"OO48050",84,,,201.1675
13,453,21,11,10,285,308,"OO58930",124,116,0,944.68258
13,453,26,11,10,16,84,"OO48050",84,73,0,201.1675
2392,455,29,5,10,215,228,"OO53830",68,75,7,173.80872
539,456,8,3,4,81,271,"MQ39390",158,195,37,1435.53128
456,458,9,12,11,139,158,"WN25410",65,57,0,347.61744
2392,458,16,5,10,196,228,"OO47810",134,102,0,955.94796
456,458,17,12,11,139,158,"WN25410",65,53,0,347.61744
615,458,18,0,0,236,17,"AS7840",273,267,0,3495.48648
2392,458,20,5,10,196,228,"OO47810",134,123,0,955.94796
2392,458,21,5,10,196,228,"OO47810",134,122,0,955.94796
2392,458,24,5,10,196,228,"OO47810",134,126,0,955.94796
3655,459,28,8,10,132,84,"OO56350",74,83,9,244.61968
701,462,6,4,5,85,194,"F914820",163,142,0,1585.1999
2695,463,13,13,12,85,172,"NK4140",188,189,1,1697.8537
541,463,22,6,6,185,174,"HA640",335,336,1,4208.4241
541,463,26,6,6,291,223,"HA6530",340,334,0,3789.9957
541,463,27,6,6,185,174,"HA640",335,311,0,4208.4241
615,464,14,0,0,239,236,"AS5110",174,190,16,1623.82406
539,469,18,3,4,63,228,"MQ35531",91,82,0,508.55144
2392,469,22,5,10,268,228,"OO57020",124,125,1,854.55954
2392,469,23,5,10,268,228,"OO57020",124,112,0,854.55954
2392,469,27,5,10,268,228,"OO57020",124,124,0,854.55954
701,472,21,4,5,183,261,"F933130",108,108,0,693.62554
3,473,0,1,2,162,174,"AA30",390,350,0,3983.1165
541,473,5,6,6,174,168,"HA610",345,334,0,4029.78736
2392,473,5,5,10,228,20,"OO52510",102,94,0,862.60624
3,473,20,1,2,162,174,"AA30",380,370,0,3983.1165
3,473,22,1,2,162,174,"AA30",380,382,2,3983.1165
55,473,22,14,13,228,183,"UA16770",132,127,0,1179.64622
2,473,22,10,9,183,63,"YX47730",106,124,18,674.31346
3,473,25,1,2,162,174,"AA30",380,347,0,3983.1165
2,473,25,10,9,183,63,"YX47730",106,101,0,674.31346
55,474,30,14,13,84,215,"UA21850",131,115,0,1329.31484
0,477,8,2,3,17,235,"DL11900",111,106,0,877.0903
13,478,2,11,10,2,84,"OO58340",95,97,2,561.65966
55,478,23,14,13,271,228,"UA4670",201,205,4,1802.4608
2392,478,25,5,10,228,215,"OO57830",59,55,0,173.80872
0,478,27,2,3,17,81,"DL7370",103,93,0,880.30898
2695,479,2,13,12,218,66,"NK17120",125,129,4,1297.12804
2695,481,12,13,12,149,17,"NK4530",121,112,0,1108.83526
2,482,13,10,9,244,183,"YX44870",80,72,0,539.1289
701,482,23,4,5,84,328,"F943440",110,106,0,991.35344
0,483,1,2,3,162,111,"DL3050",193,175,0,1720.38446
2,483,1,10,9,154,238,"YX44260",110,109,0,946.29192
456,483,24,12,11,222,236,"WN12890",100,94,0,873.87162
2248,484,18,9,8,275,81,"OH52601",108,109,1,835.24746
0,488,2,2,3,217,51,"DL29460",158,139,0,1406.56316
3655,488,10,8,10,84,201,"OO52140",176,168,0,1551.40376
456,488,13,12,11,139,239,"WN26420",365,363,0,4694.44478
0,488,15,2,3,17,239,"DL7960",259,255,0,2554.02258
0,488,21,2,3,17,239,"DL7960",259,252,0,2554.02258
55,488,21,14,13,228,81,"UA10970",114,102,0,984.91608
2,488,24,10,9,17,81,"YX44671",118,100,0,880.30898
2695,488,27,13,12,236,172,"NK6950",129,126,0,1227.92642
456,488,30,12,11,291,174,"WN20920",80,69,0,495.67672
545,489,15,7,7,293,162,"B622040",251,234,0,2571.72532
2,490,0,10,9,162,37,"YX44560",167,152,0,1231.1451
2248,490,15,9,8,282,81,"OH56021",97,118,21,762.82716
539,490,21,3,4,294,228,"MQ42211",197,175,0,2011.675
2392,493,0,5,10,228,20,"OO52510",102,93,0,862.60624
13,493,1,11,10,84,16,"OO57690",85,91,6,201.1675
55,493,4,14,13,84,216,"UA6390",131,131,0,1092.74186
0,493,6,2,3,17,273,"DL8940",296,304,8,3044.87128
2392,493,11,5,10,114,228,"OO52800",108,94,0,743.51508
3655,493,15,8,10,84,272,"OO53100",86,80,0,487.63002
2392,493,17,5,10,114,228,"OO52800",108,102,0,743.51508
541,493,20,6,6,174,168,"HA610",345,338,0,4029.78736
456,493,25,12,11,174,139,"WN14230",375,361,0,4113.47304
615,494,16,0,0,283,319,"AS6480",188,189,1,1956.95744
2392,495,4,5,10,199,228,"OO52670",109,115,6,790.18594
55,496,9,14,13,84,38,"UA11250",125,116,0,1044.46166
539,496,27,3,4,37,206,"MQ37741",142,126,0,1297.12804
2248,497,4,9,8,282,81,"OH56021",96,,,762.82716
13,497,22,11,10,16,84,"OO57720",81,69,0,201.1675
13,498,6,11,10,84,16,"OO57690",85,90,5,201.1675
13,498,14,11,10,84,16,"OO57690",85,,,201.1675
456,498,15,12,11,319,84,"WN35011",115,110,0,1028.36826
13,498,16,11,10,84,16,"OO57690",85,96,11,201.1675
0,499,25,2,3,206,183,"DL23471",192,229,37,1763.83664
701,500,7,4,5,229,17,"F930710",123,124,1,830.41944
701,500,17,4,5,84,194,"F933120",229,213,0,2488.03964
2,501,21,10,9,183,304,"YX44790",172,153,0,1429.09392
13,502,7,11,10,84,308,"OO55540",127,134,7,896.40238
615,502,26,0,0,283,273,"AS10960",172,163,0,1689.807
13,503,0,11,10,84,132,"OO53770",74,52,0,244.61968
3655,503,0,8,10,84,30,"OO59640",159,162,3,1223.0984
2248,503,9,9,8,81,215,"OH55790",138,130,0,1137.80338
13,503,17,11,10,84,132,"OO53770",74,63,0,244.61968
615,503,22,0,0,283,319,"AS6480",179,170,0,1956.95744
13,503,27,11,10,84,132,"OO53770",74,68,0,244.61968
55,503,29,14,13,84,38,"UA11250",122,108,0,1044.46166
456,503,29,12,11,291,239,"WN30580",110,103,0,999.40014
2248,503,30,9,8,81,215,"OH52210",138,133,0,1137.80338
2248,507,11,9,8,81,47,"OH55760",96,90,0,703.28158
539,508,5,3,4,66,228,"MQ38431",89,89,0,476.36464
3,508,15,1,2,174,162,"AA320",327,372,45,3983.1165
2,509,8,10,9,59,228,"YX43621",75,80,5,315.43064
13,509,20,11,10,84,214,"OO54380",188,182,0,1543.35706
2,509,20,10,9,59,228,"YX43621",75,95,20,315.43064
2695,510,8,13,12,315,90,"NK3200",167,162,0,1581.98122
701,510,12,4,5,271,156,"F949360",177,173,0,1771.88334
539,511,6,3,4,39,304,"MQ34160",193,215,22,1684.97898
2248,511,10,9,8,81,144,"OH52000",127,,,986.5254199999999
539,511,19,3,4,39,304,"MQ34160",193,177,0,1684.97898
2248,511,27,9,8,11,65,"OH54061",74,71,0,225.3076
2695,511,28,13,12,149,228,"NK3150",163,145,0,1488.6395
2,513,10,10,9,81,162,"YX44200",80,65,0,342.78942
2,513,12,10,9,81,162,"YX44200",80,66,0,342.78942
2,513,23,10,9,81,162,"YX44200",80,71,0,342.78942
701,516,28,4,5,75,315,"F918920",137,134,0,1244.01982
3,518,3,1,2,174,162,"AA320",315,327,12,3983.1165
0,518,5,2,3,39,17,"DL3760",181,158,0,1522.43564
55,518,5,14,13,84,236,"UA6440",173,152,0,1594.85594
55,518,10,14,13,84,296,"UA13580",165,152,0,1462.89006
456,518,10,12,11,185,139,"WN27410",50,37,0,164.15268
2695,518,14,13,12,90,174,"NK3130",308,286,0,3184.88386
55,518,14,14,13,84,236,"UA6440",173,180,7,1594.85594
456,518,18,12,11,185,139,"WN27410",50,36,0,164.15268
456,518,22,12,11,185,139,"WN27410",50,34,0,164.15268
55,518,27,14,13,84,31,"UA7030",98,100,2,732.2497
2248,522,6,9,8,74,65,"OH56511",85,73,0,355.66414
615,522,19,0,0,239,283,"AS2010",186,199,13,1781.53938
2248,522,28,9,8,74,65,"OH56511",92,71,0,355.66414
539,522,30,3,4,315,206,"MQ33890",66,60,0,328.30536
2392,523,28,5,10,128,228,"OO56470",75,61,0,220.47958
2248,524,12,9,8,81,269,"OH56160",81,72,0,476.36464
701,527,9,4,5,172,274,"F934180",162,143,0,1720.38446
2,528,11,10,9,304,228,"YX45951",82,106,24,415.20972
3655,528,19,8,10,174,214,"OO56300",82,67,0,428.08444
2,532,29,10,9,162,63,"YX47090",113,102,0,683.9695
2248,533,1,9,8,81,24,"OH51010",80,75,0,503.72342
2248,533,2,9,8,81,24,"OH51010",80,94,14,503.72342
3655,533,2,8,10,285,217,"OO54180",235,214,0,2557.24126
456,533,5,12,11,39,50,"WN30140",95,83,0,593.84646
456,533,20,12,11,139,184,"WN28170",325,340,15,4134.39446
545,535,0,7,7,41,162,"B68390",237,214,0,2536.31984
2248,536,17,9,8,208,65,"OH53221",112,106,0,788.5766
701,537,2,4,5,172,274,"F934180",164,153,0,1720.38446
2,538,4,10,9,183,328,"YX44720",223,200,0,1845.91298
539,538,9,3,4,65,37,"MQ39900",98,77,0,527.86352
539,538,15,3,4,224,85,"MQ39341",64,61,0,281.6345
456,538,27,12,11,222,185,"WN28350",345,341,0,3954.14838
55,542,16,14,13,218,149,"UA3250",84,68,0,490.8487
541,543,3,6,6,139,222,"HA480",315,300,0,3876.90006
2,543,9,10,9,183,37,"YX46600",162,145,0,1229.53576
3655,543,20,8,10,38,228,"OO57920",220,199,0,2312.62158
2,544,7,10,9,183,228,"YX43610",166,154,0,1179.64622
701,545,20,4,5,75,271,"F932220",153,139,0,1414.60986
701,545,27,4,5,75,271,"F932220",153,134,0,1414.60986
13,545,29,11,10,16,84,"OO47440",69,50,0,201.1675
2248,546,8,9,8,12,81,"OH54331",101,84,0,511.77012
0,548,3,2,3,174,217,"DL9140",220,205,0,2470.3369
2248,548,3,9,8,81,257,"OH56150",102,87,0,775.70188
456,548,6,12,11,239,139,"WN11840",420,392,0,4694.44478
2695,548,15,13,12,149,228,"NK3150",155,163,8,1488.6395
541,548,18,6,6,139,222,"HA480",310,298,0,3876.90006
0,548,19,2,3,90,111,"DL12050",184,190,6,1813.7261799999999
0,548,26,2,3,90,111,"DL12050",184,167,0,1813.7261799999999
0,550,7,2,3,84,17,"DL9951",168,151,0,1929.5986599999999
615,551,25,0,0,14,283,"AS1190",211,210,0,2330.32432
539,552,1,3,4,85,286,"MQ34940",81,88,7,585.79976
539,552,11,3,4,85,52,"MQ41260",140,141,1,1483.81148
539,553,3,3,4,73,85,"MQ34371",85,,,569.70636
3655,553,5,8,10,285,217,"OO54180",235,198,0,2557.24126
0,553,14,2,3,84,17,"DL9950",170,210,40,1929.5986599999999
2,554,26,10,9,24,228,"YX45241",169,153,0,1260.11322
2248,557,7,9,8,75,81,"OH56631",95,112,17,661.43874
541,558,1,6,6,139,184,"HA700",320,319,0,4134.39446
2,558,2,10,9,162,37,"YX44560",164,141,0,1231.1451
13,558,13,11,10,84,16,"OO56800",75,,,201.1675
2248,562,1,9,8,48,81,"OH53721",84,112,28,476.36464
0,563,0,2,3,17,183,"DL5250",130,120,0,1226.31708
0,563,10,2,3,19,17,"DL28861",130,112,0,1308.39342
541,563,10,6,6,139,227,"HA800",325,344,19,4189.11202
541,563,13,6,6,139,227,"HA800",325,330,5,4189.11202
541,563,16,6,6,139,227,"HA800",325,339,14,4189.11202
2248,563,16,9,8,81,220,"OH55320",93,103,10,598.67448
13,563,30,11,10,84,16,"OO58420",61,62,1,201.1675
2695,564,6,13,12,149,90,"NK2250",167,149,0,1730.0405
539,566,20,3,4,228,39,"MQ41120",136,124,0,1395.29778
2695,567,5,13,12,65,218,"NK8830",131,113,0,1047.68034
615,567,24,0,0,283,172,"AS6780",152,152,0,1395.29778
0,568,11,2,3,235,17,"DL15271",117,107,0,877.0903
2,568,14,10,9,104,238,"YX44730",190,183,0,1804.07014
0,568,29,2,3,235,17,"DL15271",117,132,15,877.0903
2248,570,14,9,8,81,312,"OH55480",77,70,0,479.58332
2,570,19,10,9,81,162,"YX45220",82,113,31,342.78942
615,571,1,0,0,84,283,"AS6821",187,153,0,1647.96416
615,571,8,0,0,84,283,"AS6821",187,172,0,1647.96416
2248,571,13,9,8,81,63,"OH55830",88,79,0,498.8954
2,571,15,10,9,257,81,"YX44481",118,106,0,775.70188
2248,571,20,9,8,81,63,"OH55830",88,86,0,498.8954
13,573,4,11,10,174,16,"OO54430",155,123,0,1186.08358
2695,573,9,13,12,218,183,"NK39790",172,158,0,1903.84922
13,573,9,11,10,174,16,"OO54430",155,128,0,1186.08358
13,573,10,11,10,174,16,"OO54430",155,152,0,1186.08358
3655,573,11,8,10,319,285,"OO55830",155,171,16,1208.61434
13,573,12,11,10,174,16,"OO54430",155,141,0,1186.08358
0,573,22,2,3,17,235,"DL12660",107,118,11,877.0903
13,573,23,11,10,174,16,"OO54430",155,131,0,1186.08358
3655,573,23,8,10,174,308,"OO58720",136,127,0,1120.1006399999999
541,573,24,6,6,223,236,"HA400",325,313,0,4123.12908
13,573,28,11,10,174,16,"OO54430",155,138,0,1186.08358
541,573,29,6,6,223,236,"HA400",325,286,0,4123.12908
701,574,3,4,5,194,238,"F938560",157,163,6,1385.64174
0,575,12,2,3,17,293,"DL19460",204,218,14,2489.64898
0,575,20,2,3,17,293,"DL19460",204,207,3,2489.64898
3655,576,21,8,10,308,228,"OO56540",207,184,0,2158.12494
615,577,30,0,0,84,283,"AS6821",181,177,0,1647.96416
13,578,3,11,10,16,84,"OO47150",84,51,0,201.1675
13,578,11,11,10,16,285,"OO57450",177,171,0,1364.72032
2392,578,16,5,10,228,286,"OO52980",105,102,0,704.89092
13,578,19,11,10,16,84,"OO46410",84,69,0,201.1675
2392,578,21,5,10,228,90,"OO53250",84,86,2,378.1949
2392,578,22,5,10,228,90,"OO53250",84,81,0,378.1949
2392,578,23,5,10,228,87,"OO54370",93,83,0,638.90798
13,578,24,11,10,16,84,"OO46410",84,77,0,201.1675
2392,578,27,5,10,228,87,"OO54370",93,95,2,638.90798
2392,578,28,5,10,228,87,"OO54370",93,93,0,638.90798
3655,580,9,8,10,6,84,"OO59660",161,154,0,1651.18284
3655,581,8,8,10,319,285,"OO55830",155,141,0,1208.61434
2695,582,21,13,12,315,90,"NK3200",166,155,0,1581.98122
539,583,16,3,4,239,89,"MQ40130",166,154,0,1850.741
3655,583,22,8,10,38,285,"OO47330",128,116,0,840.07548
2392,583,26,5,10,228,224,"OO53250",151,125,0,1115.27262
2695,586,13,13,12,172,85,"NK4170",169,149,0,1697.8537
2695,588,3,13,12,183,194,"NK16970",184,149,0,1528.873
541,588,9,6,6,139,184,"HA700",320,320,0,4134.39446
541,588,15,6,6,139,184,"HA700",320,307,0,4134.39446
541,588,21,6,6,185,222,"HA680",315,317,2,3954.14838
539,590,0,3,4,85,152,"MQ41220",156,141,0,1779.93004
701,590,5,4,5,207,194,"F911420",174,156,0,1715.55644
539,590,5,3,4,228,89,"MQ40780",82,84,2,481.19266
2,591,3,10,9,183,304,"YX44700",177,176,0,1429.09392
2,591,27,10,9,304,183,"YX44790",142,145,3,1429.09392
2,593,5,10,9,183,224,"YX43550",241,245,4,2158.12494
456,593,9,12,11,158,139,"WN31120",65,61,0,347.61744
2695,593,11,13,12,90,103,"NK7660",110,87,0,785.35792
456,593,14,12,11,223,291,"WN31330",295,275,0,3789.9957
2695,593,16,13,12,90,103,"NK7660",110,117,7,785.35792
456,593,17,12,11,158,139,"WN31120",65,65,0,347.61744
55,593,18,14,13,285,19,"UA11160",212,191,0,2420.44736
3655,594,25,8,10,294,84,"OO47200",116,82,0,629.25194
3,595,21,1,2,174,162,"AA2740",328,317,0,3983.1165
701,596,8,4,5,81,84,"F96870",256,222,0,2375.38584
539,598,15,3,4,85,240,"MQ36450",116,115,0,1081.47648
2392,598,25,5,10,215,228,"OO55880",68,74,6,173.80872
701,598,29,4,5,75,302,"F916740",139,167,28,1306.78408
3655,598,29,8,10,285,236,"OO54800",117,105,0,885.137
701,602,10,4,5,235,317,"F921220",176,163,0,1585.1999
2,603,6,10,9,183,264,"YX43740",85,116,31,469.92728
615,603,13,0,0,239,236,"AS12380",172,167,0,1623.82406
2,603,17,10,9,149,228,"YX47241",167,142,0,1488.6395
2392,603,20,5,10,277,228,"OO54890",65,66,1,135.18456
0,608,24,2,3,174,217,"DL9140",214,221,7,2470.3369
2248,611,9,9,8,215,81,"OH55791",129,132,3,1137.80338
2248,611,30,9,8,215,81,"OH52211",129,130,1,1137.80338
0,612,16,2,3,17,84,"DL16750",198,206,8,1929.5986599999999
541,613,2,6,6,139,291,"HA920",315,297,0,3889.77478
55,613,3,14,13,298,84,"UA13050",140,138,0,1361.50164
3,613,11,1,2,285,162,"AA1660",335,336,1,4161.75324
541,613,11,6,6,139,291,"HA920",305,316,11,3889.77478
3,613,19,1,2,285,162,"AA1660",335,351,16,4161.75324
55,614,19,14,13,285,273,"UA19240",99,83,0,719.37498
2695,615,17,13,12,90,315,"NK7680",159,138,0,1581.98122
2248,617,10,9,8,144,81,"OH53130",113,,,986.5254199999999
2695,617,26,13,12,261,206,"NK3300",130,105,0,1126.538
3655,618,6,8,10,95,285,"OO54330",173,145,0,1363.11098
456,618,10,12,11,139,168,"WN31960",60,57,0,262.32242
3655,618,16,8,10,95,285,"OO54330",173,188,15,1363.11098
2,618,16,10,9,228,149,"YX47200",178,140,0,1488.6395
3655,618,18,8,10,174,109,"OO58360",171,158,0,1631.87076
456,618,18,12,11,139,168,"WN31960",60,47,0,262.32242
456,618,22,12,11,139,168,"WN31960",60,50,0,262.32242
2695,618,25,13,12,66,183,"NK7800",110,104,0,770.87386
13,618,25,11,10,84,16,"OO57710",75,48,0,201.1675
2248,618,26,9,8,65,181,"OH50350",82,78,0,452.22454
3655,618,26,8,10,84,328,"OO56410",116,108,0,991.35344
13,618,26,11,10,84,16,"OO57710",75,46,0,201.1675
456,618,30,12,11,174,197,"WN22400",240,212,0,2816.345
3655,622,15,8,10,272,84,"OO58780",90,71,0,487.63002
539,622,22,3,4,98,228,"MQ33980",189,183,0,1989.14424
539,623,9,3,4,37,65,"MQ39901",84,92,8,527.86352
539,623,18,3,4,228,215,"MQ41510",52,78,26,173.80872
2392,624,1,5,10,282,228,"OO53230",102,80,0,460.27124
13,625,5,11,10,84,132,"OO46870",69,60,0,244.61968
13,625,18,11,10,84,132,"OO46870",69,60,0,244.61968
2,627,0,10,9,37,162,"YX46930",145,155,10,1231.1451
13,628,0,11,10,132,84,"OO47820",74,57,0,244.61968
2,628,13,10,9,183,75,"YX47130",136,116,0,941.4639
13,628,17,11,10,132,84,"OO47820",74,79,5,244.61968
2,628,18,10,9,39,282,"YX47860",168,161,0,1334.14286
13,628,27,11,10,132,84,"OO47820",74,66,0,244.61968
2,628,30,10,9,39,282,"YX47860",168,165,0,1334.14286
2,629,8,10,9,228,39,"YX46290",139,140,1,1395.29778
2,629,20,10,9,228,39,"YX46290",139,133,0,1395.29778
2,629,22,10,9,63,183,"YX46620",97,80,0,674.31346
2,629,25,10,9,63,183,"YX46620",97,102,5,674.31346
2248,630,27,9,8,65,29,"OH51850",93,93,0,563.269
3,631,2,1,2,298,162,"AA24591",307,328,21,3949.32036
13,633,1,11,10,16,84,"OO57740",77,59,0,201.1675
456,633,1,12,11,139,158,"WN27030",60,51,0,347.61744
13,633,6,11,10,16,84,"OO57740",77,64,0,201.1675
13,633,14,11,10,84,318,"OO53110",104,99,0,870.65294
13,633,14,11,10,16,84,"OO57740",77,,,201.1675
13,633,16,11,10,16,84,"OO57740",77,68,0,201.1675
539,633,17,3,4,224,228,"MQ37920",127,108,0,1115.27262
456,633,24,12,11,236,84,"WN12891",150,143,0,1594.85594
541,634,14,6,6,139,158,"HA3220",56,56,0,347.61744
539,634,23,3,4,206,149,"MQ38140",188,172,0,1551.40376
3655,634,27,8,10,89,84,"OO58350",133,115,0,947.90126
701,635,13,4,5,238,111,"F944390",183,173,0,1596.46528
701,635,21,4,5,261,194,"F910390",120,121,1,859.38756
0,637,15,2,3,239,17,"DL7961",211,200,0,2554.02258
2248,637,18,9,8,81,229,"OH53370",57,47,0,228.52627999999999
0,637,21,2,3,239,17,"DL7961",211,216,5,2554.02258
13,638,2,11,10,84,150,"OO54540",89,91,2,675.9228
3655,638,3,8,10,224,149,"OO54220",100,94,0,635.6893
2695,638,4,13,12,194,246,"NK29000",97,152,55,613.15854
541,638,6,6,6,185,222,"HA680",315,308,0,3954.14838
3655,638,17,8,10,159,174,"OO59810",170,201,31,1261.72256
13,638,19,11,10,84,187,"OO58270",93,80,0,680.75082
2695,638,22,13,12,217,206,"NK7390",223,193,0,2415.61934
0,638,23,2,3,17,239,"DL3660",254,244,0,2554.02258
3655,638,24,8,10,159,174,"OO59810",170,135,0,1261.72256
615,642,10,0,0,283,273,"AS14540",165,157,0,1689.807
2248,642,15,9,8,81,193,"OH54400",179,165,0,1527.26366
2248,642,19,9,8,81,17,"OH55270",121,149,28,880.30898
2248,643,1,9,8,24,81,"OH51011",96,114,18,503.72342
2248,643,2,9,8,24,81,"OH51011",96,70,0,503.72342
2695,643,23,13,12,103,206,"NK8660",195,238,43,1746.1339
3,645,14,1,2,298,162,"AA24591",323,320,0,3949.32036
3,645,16,1,2,298,162,"AA24591",323,292,0,3949.32036
3,645,28,1,2,298,162,"AA24591",323,300,0,3949.32036
539,646,8,3,4,271,81,"MQ39650",152,208,56,1435.53128
3655,646,10,8,10,201,285,"OO52300",100,75,0,529.47286
2248,647,11,9,8,47,81,"OH55761",110,122,12,703.28158
2,647,24,10,9,81,246,"YX46490",153,156,3,1313.22144
2,648,1,10,9,238,47,"YX45300",84,86,2,539.1289
2392,648,2,5,10,228,125,"OO56150",64,66,2,278.41582
2392,648,3,5,10,228,320,"OO46830",69,75,6,360.49216
2392,648,5,5,10,74,228,"OO46970",115,101,0,669.48544
2392,648,7,5,10,74,228,"OO46970",115,95,0,669.48544
2392,648,11,5,10,228,192,"OO53600",73,62,0,357.27348
2392,648,12,5,10,74,228,"OO46970",115,96,0,669.48544
2392,648,17,5,10,228,192,"OO53600",73,67,0,357.27348
13,648,22,11,10,84,16,"OO54550",75,52,0,201.1675
2392,648,24,5,10,228,192,"OO53600",73,62,0,357.27348
13,648,27,11,10,84,16,"OO54550",75,60,0,201.1675
2,650,21,10,9,304,183,"YX44791",142,129,0,1429.09392
0,651,2,2,3,51,217,"DL29461",142,128,0,1406.56316
539,652,10,3,4,80,85,"MQ39270",170,150,0,1385.64174
0,652,27,2,3,81,17,"DL7371",120,112,0,880.30898
2392,653,2,5,10,282,228,"OO53230",102,90,0,460.27124
2392,653,3,5,10,282,228,"OO53230",102,102,0,460.27124
0,653,8,2,3,235,17,"DL11901",114,112,0,877.0903
3,653,25,1,2,174,162,"AA40",327,305,0,3983.1165
539,654,4,3,4,19,228,"MQ34180",157,180,23,1572.32518
539,654,30,3,4,206,75,"MQ39320",172,196,24,1525.65432
701,655,1,4,5,283,84,"F934060",168,163,0,1647.96416
3,656,5,1,2,174,162,"AA40",314,295,0,3983.1165
2,658,11,10,9,228,261,"YX46520",128,125,0,1039.63364
456,658,29,12,11,239,174,"WN31910",90,87,0,595.4558
3,660,8,1,2,298,162,"AA24591",322,322,0,3949.32036
3655,660,19,8,10,214,174,"OO57340",88,81,0,428.08444
13,663,8,11,10,84,13,"OO52330",85,97,12,577.75306
2695,663,29,13,12,90,103,"NK7660",110,101,0,785.35792
701,665,7,4,5,17,84,"F932930",217,209,0,1929.5986599999999
539,667,1,3,4,286,85,"MQ34941",101,92,0,585.79976
3655,668,0,8,10,30,285,"OO53970",80,82,2,355.66414
456,668,21,12,11,185,223,"WN37740",55,48,0,323.47734
13,668,29,11,10,84,16,"OO54550",61,,,201.1675
3655,673,1,8,10,308,285,"OO59030",135,129,0,944.68258
2248,673,4,9,8,81,28,"OH50240",111,,,949.5106
456,673,5,12,11,50,205,"WN33070",90,78,0,606.72118
13,673,21,11,10,308,285,"OO59030",135,124,0,944.68258
539,674,6,3,4,304,39,"MQ34161",157,138,0,1684.97898
539,674,7,3,4,206,90,"MQ33470",193,184,0,1842.6942999999999
539,674,19,3,4,304,39,"MQ34161",156,164,8,1684.97898
615,676,15,0,0,14,283,"AS2260",207,194,0,2330.32432
13,678,7,11,10,308,84,"OO52680",124,129,5,896.40238
55,678,23,14,13,228,206,"UA20040",200,202,2,1926.37998
2695,678,27,13,12,172,174,"NK6960",85,73,0,379.80424
0,679,6,2,3,273,17,"DL8941",253,224,0,3044.87128
2248,681,12,9,8,269,81,"OH56161",85,77,0,476.36464
2248,681,14,9,8,312,81,"OH55481",91,104,13,479.58332
2248,682,3,9,8,257,81,"OH56151",120,108,0,775.70188
2248,683,7,9,8,81,28,"OH50240",112,109,0,949.5106
55,683,9,14,13,38,84,"UA21730",120,105,0,1044.46166
2,683,12,10,9,162,154,"YX46970",137,136,0,1070.2111
13,683,13,11,10,16,84,"OO47440",77,68,0,201.1675
2,683,23,10,9,162,154,"YX46970",137,158,21,1070.2111
541,683,25,6,6,223,291,"HA6540",305,281,0,3789.9957
541,683,30,6,6,223,291,"HA6540",305,296,0,3789.9957
2695,685,7,13,12,206,37,"NK8920",145,155,10,1297.12804
2248,686,6,9,8,65,142,"OH56060",120,123,3,907.66776
2248,686,16,9,8,220,81,"OH55321",86,83,0,598.67448
2,687,9,10,9,37,162,"YX46930",145,158,13,1231.1451
0,688,4,2,3,17,39,"DL7260",153,155,2,1522.43564
55,688,4,14,13,216,84,"UA16620",124,126,2,1092.74186
55,688,6,14,13,315,228,"UA15830",187,179,0,1628.65208
456,688,12,12,11,139,223,"WN24130",50,39,0,160.934
456,688,16,12,11,139,223,"WN24130",50,58,8,160.934
13,688,20,11,10,214,285,"OO47290",55,42,0,123.91918
2248,689,13,9,8,63,81,"OH55831",83,90,7,498.8954
2248,689,20,9,8,63,81,"OH55831",83,95,12,498.8954
539,691,12,3,4,85,328,"MQ35050",74,65,0,450.6152
55,691,29,14,13,38,84,"UA21730",118,118,0,1044.46166
13,691,30,11,10,16,84,"OO56950",69,72,3,201.1675
2,693,2,10,9,37,183,"YX47600",134,138,4,1229.53576
2248,693,28,9,8,65,142,"OH56060",113,118,5,907.66776
2695,695,10,13,12,271,244,"NK6390",163,190,27,1554.62244
615,698,14,0,0,236,174,"AS11600",147,135,0,1342.18956
55,698,17,14,13,149,17,"UA26160",127,113,0,1108.83526
701,698,26,4,5,75,302,"F916740",139,131,0,1306.78408
2248,698,27,9,8,29,65,"OH51851",95,97,2,563.269
55,698,27,14,13,31,84,"UA2880",101,96,0,732.2497
3655,699,7,8,10,134,285,"OO58420",171,150,0,1348.62692
539,699,29,3,4,206,315,"MQ33680",66,258,192,328.30536
701,702,23,4,5,328,84,"F943430",126,119,0,991.35344
541,703,4,6,6,185,174,"HA640",335,334,0,4208.4241
539,705,5,3,4,89,228,"MQ40630",81,77,0,481.19266
55,706,15,14,13,271,149,"UA23900",172,273,101,1385.64174
55,708,8,14,13,218,84,"UA23190",184,174,0,1709.11908
2695,711,14,13,12,174,149,"NK8400",193,238,45,2219.27986
2248,712,8,9,8,81,12,"OH51580",98,83,0,511.77012
2248,712,29,9,8,81,12,"OH55010",98,73,0,511.77012
456,713,8,12,11,223,139,"WN34500",50,39,0,160.934
0,713,9,2,3,17,183,"DL4330",132,130,0,1226.31708
701,713,22,4,5,194,238,"F938560",161,159,0,1385.64174
541,713,26,6,6,223,222,"HA240",300,279,0,3780.33966
2695,715,24,13,12,90,271,"NK4140",182,148,0,1744.52456
2392,716,1,5,10,228,90,"OO57370",83,75,0,378.1949
2695,717,12,13,12,17,149,"NK4540",141,123,0,1108.83526
456,718,15,12,11,84,194,"WN1580",215,219,4,2488.03964
701,718,28,4,5,315,75,"F916670",146,187,41,1244.01982
541,719,14,6,6,158,139,"HA3110",55,63,8,347.61744
2392,721,23,5,10,87,228,"OO46850",104,115,11,638.90798
2392,721,27,5,10,87,228,"OO46850",104,95,0,638.90798
2392,721,28,5,10,87,228,"OO46850",104,143,39,638.90798
3655,723,22,8,10,285,49,"OO56980",86,77,0,524.64484
2,723,26,10,9,228,154,"YX44290",61,60,0,284.85318
2,726,29,10,9,63,162,"YX43870",107,99,0,683.9695
2,728,10,10,9,162,261,"YX46580",106,108,2,687.18818
2,728,19,10,9,162,261,"YX46580",106,108,2,687.18818
55,728,22,14,13,183,228,"UA15800",168,177,9,1179.64622
2248,729,18,9,8,229,81,"OH53371",67,102,35,228.52627999999999
2695,729,28,13,12,228,149,"NK3160",172,168,0,1488.6395
2695,730,4,13,12,246,194,"NK3360",94,72,0,613.15854
2,732,4,10,9,328,183,"YX44721",173,206,33,1845.91298
2695,732,8,13,12,90,271,"NK3210",182,180,0,1744.52456
2392,733,16,5,10,286,228,"OO58500",102,98,0,704.89092
541,733,20,6,6,168,174,"HA620",330,330,0,4029.78736
55,733,30,14,13,215,84,"UA17840",155,165,10,1329.31484
13,734,25,11,10,16,84,"OO57760",77,67,0,201.1675
13,734,26,11,10,16,84,"OO57760",77,92,15,201.1675
2,736,7,10,9,228,90,"YX45140",76,71,0,378.1949
615,738,16,0,0,319,283,"AS6410",204,184,0,1956.95744
615,738,22,0,0,319,283,"AS6410",205,222,17,1956.95744
13,739,5,11,10,132,84,"OO57490",74,50,0,244.61968
13,739,18,11,10,132,84,"OO57490",74,102,28,244.61968
3,743,1,1,2,162,174,"AA3410",390,356,0,3983.1165
3,743,4,1,2,162,174,"AA3410",390,414,24,3983.1165
2695,743,5,13,12,218,65,"NK8840",119,114,0,1047.68034
456,743,9,12,11,139,223,"WN35470",50,52,2,160.934
2,743,15,10,9,81,255,"YX44650",87,73,0,572.92504
456,743,17,12,11,139,223,"WN35470",50,38,0,160.934
55,743,21,14,13,81,228,"UA18880",141,134,0,984.91608
3,743,23,1,2,162,174,"AA3410",384,352,0,3983.1165
3,743,30,1,2,162,174,"AA3410",384,370,0,3983.1165
539,745,27,3,4,206,275,"MQ34920",95,92,0,708.1096
539,746,15,3,4,240,85,"MQ36451",145,126,0,1081.47648
0,747,1,2,3,111,162,"DL3051",186,190,4,1720.38446
701,747,12,4,5,156,271,"F949350",204,182,0,1771.88334
2392,748,7,5,10,228,215,"OO55860",59,40,0,173.80872
3655,748,14,8,10,228,132,"OO56260",191,173,0,1659.22954
701,748,20,4,5,271,75,"F939510",169,152,0,1414.60986
701,748,27,4,5,271,75,"F939510",169,148,0,1414.60986
2695,749,2,13,12,66,218,"NK17130",140,122,0,1297.12804
0,749,22,2,3,235,17,"DL12661",122,111,0,877.0903
0,750,11,2,3,17,19,"DL14910",170,174,4,1308.39342
2392,750,18,5,10,228,125,"OO47390",65,73,8,278.41582
2248,750,26,9,8,181,65,"OH50351",89,75,0,452.22454
0,750,29,2,3,17,19,"DL14910",168,136,0,1308.39342
13,753,1,11,10,84,16,"OO57730",75,47,0,201.1675
2392,753,2,5,10,125,228,"OO47130",73,64,0,278.41582
701,753,4,4,5,238,271,"F915770",195,171,0,1598.07462
3655,754,27,8,10,84,2,"OO56740",93,80,0,561.65966
0,755,16,2,3,84,17,"DL9570",172,174,2,1929.5986599999999
615,758,1,0,0,283,39,"AS4600",314,340,26,4016.91264
615,758,8,0,0,283,39,"AS4600",314,280,0,4016.91264
2695,758,11,13,12,103,65,"NK6540",127,120,0,851.34086
2392,758,12,5,10,228,286,"OO59430",105,87,0,704.89092
2695,758,15,13,12,228,149,"NK3160",165,201,36,1488.6395
2695,758,16,13,12,103,65,"NK6540",127,110,0,851.34086
2392,758,22,5,10,18,228,"OO46740",76,,,257.4944
0,758,25,2,3,183,111,"DL23210",189,204,15,1731.64984
2392,758,29,5,10,228,114,"OO53790",119,94,0,743.51508
3655,758,29,8,10,236,285,"OO57130",113,106,0,885.137
2392,759,21,5,10,90,228,"OO48040",99,84,0,378.1949
2392,759,22,5,10,90,228,"OO48040",99,86,0,378.1949
0,763,0,2,3,183,194,"DL25200",190,165,0,1528.873
55,763,7,14,13,235,84,"UA10530",270,263,0,2702.08186
3655,763,15,8,10,84,107,"OO59780",168,168,0,1358.28296
13,763,17,11,10,84,272,"OO56430",83,73,0,487.63002
13,763,24,11,10,84,272,"OO56430",83,65,0,487.63002
3655,763,25,8,10,84,107,"OO59780",168,155,0,1358.28296
55,763,25,14,13,235,84,"UA10530",270,273,3,2702.08186
0,764,5,2,3,17,274,"DL14650",155,153,0,1406.56316
13,765,3,11,10,84,272,"OO56430",83,91,8,487.63002
2,767,1,10,9,47,238,"YX45301",105,86,0,539.1289
2,768,6,10,9,264,183,"YX43741",78,88,10,469.92728
2,768,22,10,9,183,39,"YX43610",72,89,17,296.11856
2,768,25,10,9,183,39,"YX43610",72,77,5,296.11856
13,769,22,11,10,16,285,"OO46510",169,136,0,1364.72032
13,769,27,11,10,16,285,"OO46510",169,159,0,1364.72032
615,771,19,0,0,283,174,"AS10920",170,150,0,1535.31036
2,772,24,10,9,246,81,"YX46491",136,135,0,1313.22144
55,773,5,14,13,236,84,"UA21900",154,153,0,1594.85594
55,773,10,14,13,296,84,"UA3770",146,143,0,1462.89006
3655,773,12,8,10,324,84,"OO54590",231,201,0,1870.05308
3655,773,13,8,10,275,84,"OO55580",252,244,0,2275.60676
55,773,14,14,13,236,84,"UA21900",154,137,0,1594.85594
615,773,24,0,0,172,283,"AS4030",166,147,0,1395.29778
615,773,26,0,0,273,283,"AS11350",188,158,0,1689.807
3655,773,28,8,10,143,84,"OO57330",188,,,1646.35482
55,777,19,14,13,273,285,"UA21170",106,95,0,719.37498
2,778,29,10,9,162,154,"YX44490",138,165,27,1070.2111
615,781,27,0,0,285,239,"AS1280",118,125,7,1047.68034
615,781,28,0,0,285,236,"AS3370",108,101,0,885.137
2695,782,7,13,12,37,271,"NK9840",122,117,0,1161.94348
0,782,23,2,3,239,90,"DL15960",222,243,21,2689.20714
456,783,12,12,11,223,139,"WN36310",50,42,0,160.934
456,783,16,12,11,223,139,"WN36310",50,50,0,160.934
3655,783,19,8,10,174,267,"OO59600",96,85,0,629.25194
13,784,29,11,10,16,285,"OO58250",155,,,1364.72032
55,785,1,14,13,174,84,"UA21460",146,131,0,1387.25108
2248,785,2,9,8,81,304,"OH53980",153,151,0,1157.11546
615,785,17,0,0,285,236,"AS3370",107,128,21,885.137
55,786,13,14,13,261,84,"UA22880",247,235,0,2311.01224
701,787,29,4,5,302,75,"F916730",143,198,55,1306.78408
3655,788,3,8,10,296,285,"OO56550",71,64,0,138.40324
539,788,9,3,4,65,136,"MQ34570",74,78,4,333.13338
3655,790,11,8,10,285,201,"OO55180",92,80,0,529.47286
3655,793,6,8,10,285,95,"OO53490",154,158,4,1363.11098
2248,793,17,9,8,65,74,"OH52350",72,77,5,355.66414
456,793,25,12,11,139,223,"WN36630",50,43,0,160.934
2,793,28,10,9,238,39,"YX45480",80,90,10,450.6152
456,793,29,12,11,174,291,"WN27920",80,74,0,495.67672
539,796,12,3,4,328,85,"MQ35051",87,81,0,450.6152
539,797,23,3,4,149,206,"MQ38400",149,139,0,1551.40376
13,798,0,11,10,84,319,"OO59540",139,129,0,1028.36826
3655,798,3,8,10,149,294,"OO47880",212,220,8,1923.1613
541,798,5,6,6,168,174,"HA620",325,330,5,4029.78736
13,798,6,11,10,84,319,"OO59540",139,128,0,1028.36826
13,798,13,11,10,84,319,"OO59540",139,117,0,1028.36826
13,798,16,11,10,84,319,"OO59540",139,134,0,1028.36826
2248,801,12,9,8,81,202,"OH53070",131,127,0,1115.27262
539,802,20,3,4,39,66,"MQ33480",143,113,0,1029.9776
2695,802,26,13,12,206,183,"NK6470",180,174,0,1763.83664
3655,803,0,8,10,285,159,"OO55520",139,125,0,1186.08358
615,803,4,0,0,162,273,"AS250",396,424,28,3936.44564
3,803,10,1,2,162,174,"AA3060",383,401,18,3983.1165
3,803,13,1,2,162,174,"AA3060",383,373,0,3983.1165
3,803,18,1,2,162,174,"AA3060",383,364,0,3983.1165
13,803,20,11,10,285,159,"OO55660",139,134,0,1186.08358
2695,803,21,13,12,90,271,"NK3210",181,161,0,1744.52456
3,803,24,1,2,162,174,"AA3060",383,361,0,3983.1165
2695,803,25,13,12,183,85,"NK4110",253,233,0,2235.37326
456,803,27,12,11,185,139,"WN19870",45,33,0,164.15268
2,804,5,10,9,224,183,"YX43551",198,223,25,2158.12494
2248,805,11,9,8,81,304,"OH53980",142,137,0,1157.11546
3655,807,1,8,10,285,274,"OO54530",221,222,1,2385.0418799999998
615,807,29,0,0,17,273,"AS4741",290,305,15,3044.87128
456,808,1,12,11,158,139,"WN34720",60,54,0,347.61744
615,808,7,0,0,194,283,"AS4190",395,388,0,4110.25436
3655,808,8,8,10,285,267,"OO57160",75,96,21,308.99328
3655,808,10,8,10,285,267,"OO57160",75,72,0,308.99328
3655,808,16,8,10,285,267,"OO57160",75,54,0,308.99328
3655,808,17,8,10,174,107,"OO55910",67,62,0,336.35206
2248,808,19,9,8,17,81,"OH55271",115,135,20,880.30898
13,808,21,11,10,285,267,"OO57160",75,61,0,308.99328
3655,808,24,8,10,174,214,"OO48060",77,67,0,428.08444
701,810,0,4,5,85,183,"F934240",202,199,0,2235.37326
701,810,21,4,5,194,228,"F920410",197,207,10,1617.3867
615,811,20,0,0,103,273,"AS2970",378,361,0,3902.6495
701,812,8,4,5,84,81,"F96900",200,198,0,2375.38584
539,812,9,3,4,65,20,"MQ39940",54,57,3,146.44994
539,812,11,3,4,52,85,"MQ41261",191,177,0,1483.81148
2392,813,3,5,10,320,228,"OO53340",89,87,0,360.49216
456,813,5,12,11,205,194,"WN37260",205,175,0,1837.86628
456,813,7,12,11,172,273,"WN19140",75,58,0,415.20972
456,813,19,12,11,172,283,"WN10300",175,180,5,1395.29778
456,813,28,12,11,172,273,"WN19140",75,67,0,415.20972
539,815,1,3,4,85,191,"MQ33910",76,85,9,497.28606
2248,815,4,9,8,28,81,"OH50241",137,158,21,949.5106
2,815,17,10,9,228,304,"YX45510",77,73,0,415.20972
3655,816,23,8,10,308,174,"OO57420",153,147,0,1120.1006399999999
2392,817,11,5,10,192,228,"OO54770",85,108,23,357.27348
2392,817,17,5,10,192,228,"OO54770",85,88,3,357.27348
2392,817,24,5,10,192,228,"OO54770",85,98,13,357.27348
0,818,10,2,3,17,90,"DL12530",120,105,0,955.94796
2248,818,16,9,8,81,142,"OH52360",78,69,0,376.58556
2695,818,27,13,12,174,274,"NK6970",170,168,0,1948.91074
2,819,14,10,9,238,58,"YX47480",114,107,0,885.137
615,822,12,0,0,90,283,"AS3041",307,291,0,3101.19818
2248,825,7,9,8,28,81,"OH50241",137,115,0,949.5106
2,826,16,10,9,149,228,"YX47201",170,173,3,1488.6395
3,828,7,1,2,162,285,"AA23050",404,372,0,4161.75324
539,828,10,3,4,85,144,"MQ39410",103,103,0,970.43202
0,828,19,2,3,111,183,"DL16490",180,154,0,1731.64984
0,828,26,2,3,111,183,"DL16490",180,176,0,1731.64984
2695,828,29,13,12,103,90,"NK7670",110,104,0,785.35792
13,829,4,11,10,16,84,"OO54170",77,49,0,201.1675
13,829,9,11,10,16,84,"OO54170",77,72,0,201.1675
13,829,10,11,10,16,84,"OO54170",77,93,16,201.1675
13,829,12,11,10,16,84,"OO54170",77,82,5,201.1675
2695,829,17,13,12,315,90,"NK7690",170,165,0,1581.98122
13,829,23,11,10,16,84,"OO54170",77,66,0,201.1675
13,829,28,11,10,16,84,"OO54170",77,69,0,201.1675
2,831,3,10,9,304,183,"YX44701",141,137,0,1429.09392
2248,832,1,9,8,81,282,"OH52500",108,127,19,762.82716
0,832,8,2,3,17,172,"DL6590",271,246,0,2811.51698
2248,832,14,9,8,81,128,"OH50390",108,109,1,843.29416
2248,832,20,9,8,81,63,"OH55530",85,76,0,498.8954
0,832,30,2,3,17,172,"DL6590",271,289,18,2811.51698
2248,833,15,9,8,193,81,"OH54401",148,167,19,1527.26366
2,833,18,10,9,282,39,"YX47861",139,166,27,1334.14286
3,833,27,1,2,162,285,"AA23050",403,378,0,4161.75324
2,833,27,10,9,183,66,"YX45620",114,103,0,770.87386
2,833,30,10,9,282,39,"YX47861",139,150,11,1334.14286
701,835,10,4,5,317,235,"F921210",179,158,0,1585.1999
615,835,13,0,0,236,239,"AS6800",156,165,9,1623.82406
2248,836,6,9,8,142,81,"OH54010",82,101,19,376.58556
456,838,4,12,11,111,304,"WN30880",185,164,0,1701.07238
456,838,8,12,11,139,185,"WN11770",50,55,5,164.15268
3655,838,26,8,10,328,84,"OO56940",135,134,0,991.35344
2392,840,0,5,10,20,228,"OO46320",123,137,14,862.60624
2392,840,5,5,10,20,228,"OO46830",123,130,7,862.60624
539,843,5,3,4,228,66,"MQ36640",76,61,0,476.36464
539,843,8,3,4,81,186,"MQ36270",174,165,0,1429.09392
13,843,19,11,10,187,84,"OO54310",112,93,0,680.75082
539,843,21,3,4,228,66,"MQ36640",74,79,5,476.36464
2248,844,3,9,8,81,58,"OH55540",111,91,0,714.54696
2392,844,7,5,10,215,228,"OO55630",69,56,0,173.80872
2248,844,8,9,8,12,81,"OH51581",103,81,0,511.77012
701,844,23,4,5,84,172,"F97770",132,122,0,1010.66552
2248,844,29,9,8,12,81,"OH55011",103,79,0,511.77012
2248,844,30,9,8,81,275,"OH52320",116,181,65,835.24746
2248,846,10,9,8,81,17,"OH55580",125,,,880.30898
539,849,0,3,4,152,85,"MQ41221",223,209,0,1779.93004
0,849,12,2,3,293,17,"DL19461",258,259,1,2489.64898
13,849,14,11,10,318,84,"OO56790",124,103,0,870.65294
0,849,20,2,3,293,17,"DL19461",258,247,0,2489.64898
615,851,3,0,0,147,273,"AS5070",361,363,2,3625.84302
0,852,13,2,3,17,66,"DL28900",91,92,1,719.37498
0,852,27,2,3,17,66,"DL28900",91,83,0,719.37498
13,853,2,11,10,150,84,"OO55970",109,127,18,675.9228
13,853,7,11,10,84,324,"OO47980",177,154,0,1870.05308
2248,853,9,9,8,81,255,"OH55860",90,85,0,572.92504
2695,853,12,13,12,149,17,"NK4550",128,158,30,1108.83526
2248,853,18,9,8,81,20,"OH51700",94,85,0,617.98656
2,853,23,10,9,154,162,"YX46971",131,153,22,1070.2111
13,858,5,11,10,84,224,"OO48010",102,96,0,796.6233
3655,858,9,8,10,84,289,"OO58790",138,127,0,1274.59728
2392,858,18,5,10,125,228,"OO47610",74,95,21,278.41582
13,858,25,11,10,84,224,"OO48010",102,105,3,796.6233
13,860,18,11,10,84,16,"OO57750",64,55,0,201.1675
539,860,30,3,4,75,206,"MQ39321",158,174,16,1525.65432
701,861,9,4,5,274,172,"F934170",187,161,0,1720.38446
3,862,12,1,2,162,174,"AA3020",384,362,0,3983.1165
13,863,2,11,10,84,16,"OO57750",64,,,201.1675
615,863,6,0,0,103,236,"AS2901",379,369,0,3917.1335599999998
456,863,6,12,11,139,168,"WN36950",55,47,0,262.32242
2695,863,9,13,12,183,90,"NK8340",124,97,0,807.88868
615,863,10,0,0,273,283,"AS11860",185,183,0,1689.807
13,867,8,11,10,13,84,"OO47430",91,99,8,577.75306
2,868,10,10,9,261,81,"YX46240",77,87,10,365.32018
701,868,13,4,5,111,238,"F926100",175,175,0,1596.46528
2,868,15,10,9,255,228,"YX44360",176,155,0,1366.32966
13,868,19,11,10,84,286,"OO58860",113,108,0,1025.14958
2,868,19,10,9,261,81,"YX46240",77,94,17,365.32018
13,868,26,11,10,84,286,"OO58860",113,124,11,1025.14958
2695,870,6,13,12,90,149,"NK2260",193,194,1,1730.0405
2,870,13,10,9,75,183,"YX47131",113,99,0,941.4639
3655,870,22,8,10,49,285,"OO47240",92,80,0,524.64484
539,870,27,3,4,275,206,"MQ34921",91,92,1,708.1096
701,871,2,4,5,274,172,"F934170",187,172,0,1720.38446
456,873,11,12,11,172,50,"WN34970",270,270,0,3389.27004
456,873,23,12,11,222,184,"WN1420",85,77,0,568.09702
539,875,4,3,4,228,19,"MQ37300",168,177,9,1572.32518
2,875,12,10,9,154,228,"YX44290",78,78,0,284.85318
2,875,26,10,9,154,228,"YX44291",78,58,0,284.85318
2,876,11,10,9,261,162,"YX48040",106,88,0,687.18818
2,877,0,10,9,162,81,"YX45080",91,117,26,342.78942
2,878,8,10,9,39,228,"YX46291",185,176,0,1395.29778
2248,878,13,9,8,81,37,"OH50680",126,116,0,904.44908
2,878,25,10,9,39,228,"YX46290",185,176,0,1395.29778
55,878,29,14,13,84,66,"UA19690",172,199,27,1857.1783599999999
701,879,5,4,5,194,90,"F925290",178,199,21,1540.13838
539,883,24,3,4,206,315,"MQ41990",70,74,4,328.30536
615,886,2,0,0,19,236,"AS5410",267,252,0,2760.0181
456,888,3,12,11,79,19,"WN36520",60,56,0,304.16526
0,888,18,2,3,162,111,"DL16510",188,171,0,1720.38446
2,889,20,10,9,39,183,"YX44520",80,100,20,296.11856
2,889,22,10,9,39,183,"YX44520",80,68,0,296.11856
3655,890,18,8,10,109,174,"OO56450",184,178,0,1631.87076
55,890,28,14,13,84,274,"UA23380",134,122,0,1277.81596
2392,891,17,5,10,228,18,"OO55260",67,57,0,257.4944
2392,891,22,5,10,228,18,"OO55260",67,,,257.4944
2392,891,24,5,10,228,18,"OO55260",67,63,0,257.4944
2695,892,2,13,12,218,199,"NK17140",80,73,0,560.0503199999999
2,892,6,10,9,183,304,"YX43530",179,238,59,1429.09392
539,892,9,3,4,136,65,"MQ34571",75,65,0,333.13338
2,892,21,10,9,183,282,"YX46160",145,130,0,1060.55506
615,892,25,0,0,283,2,"AS5090",171,179,8,1899.0212
615,892,30,0,0,283,174,"AS10540",170,157,0,1535.31036
456,893,2,12,11,222,79,"WN33130",200,194,0,2362.51112
2392,893,20,5,10,228,277,"OO46360",56,37,0,135.18456
2392,893,21,5,10,228,277,"OO46360",56,49,0,135.18456
55,893,21,14,13,228,183,"UA21790",135,115,0,1179.64622
2695,893,23,13,12,206,103,"NK8670",195,158,0,1746.1339
2392,893,23,5,10,228,277,"OO46360",56,52,0,135.18456
55,895,9,14,13,84,274,"UA23380",134,118,0,1277.81596
2248,895,17,9,8,74,65,"OH52351",101,63,0,355.66414
55,896,8,14,13,84,271,"UA23200",221,201,0,2586.20938
55,896,30,14,13,84,274,"UA12620",132,123,0,1277.81596
539,897,7,3,4,90,206,"MQ42760",183,180,0,1842.6942999999999
539,897,9,3,4,20,65,"MQ39941",80,49,0,146.44994
701,897,26,4,5,302,75,"F916730",143,144,1,1306.78408
13,898,3,11,10,272,84,"OO56200",89,92,3,487.63002
55,898,3,14,13,84,215,"UA14830",128,151,23,1329.31484
55,898,4,14,13,84,215,"UA14830",128,142,14,1329.31484
701,898,18,4,5,194,128,"F913690",183,163,0,1647.96416
2695,898,20,13,12,111,90,"NK9300",193,178,0,1813.7261799999999
55,898,27,14,13,84,172,"UA24730",127,118,0,1010.66552
701,899,3,4,5,238,65,"F943530",113,102,0,722.59366
615,899,21,0,0,283,239,"AS6080",174,154,0,1781.53938
13,901,1,11,10,16,84,"OO57780",77,77,0,201.1675
3655,901,27,8,10,2,84,"OO57630",92,98,6,561.65966
2392,903,26,5,10,224,228,"OO48040",128,149,21,1115.27262
55,903,26,14,13,84,312,"UA18960",200,205,5,2401.13528
13,904,17,11,10,272,84,"OO56200",89,153,64,487.63002
13,904,24,11,10,272,84,"OO56200",89,93,4,487.63002
615,905,14,0,0,174,236,"AS1390",152,140,0,1342.18956
2,906,7,10,9,90,228,"YX45141",94,73,0,378.1949
2695,908,1,13,12,111,315,"NK2870",63,61,0,317.03998
0,908,4,2,3,39,111,"DL11490",223,221,0,1990.75358
456,908,9,12,11,223,139,"WN40240",50,36,0,160.934
0,908,14,2,3,17,149,"DL12840",135,150,15,1108.83526
2392,908,15,5,10,228,74,"OO57900",96,91,0,669.48544
2392,908,16,5,10,228,192,"OO54740",74,84,10,357.27348
456,908,17,12,11,223,139,"WN40240",50,38,0,160.934
2392,908,27,5,10,228,74,"OO57900",96,114,18,669.48544
2392,908,28,5,10,228,192,"OO54740",74,76,2,357.27348
2248,909,2,9,8,304,81,"OH53981",134,142,8,1157.11546
55,909,6,14,13,228,315,"UA20750",171,187,16,1628.65208
2,909,28,10,9,39,81,"YX43830",118,107,0,642.12666
2695,913,10,13,12,244,271,"NK6380",168,136,0,1554.62244
2392,913,12,5,10,286,228,"OO59050",102,105,3,704.89092
539,913,16,3,4,89,239,"MQ40590",200,198,0,1850.741
2248,914,12,9,8,202,81,"OH53071",124,130,6,1115.27262
2392,915,1,5,10,90,228,"OO47180",93,85,0,378.1949
2248,917,11,9,8,304,81,"OH53981",126,170,44,1157.11546
55,918,15,14,13,149,244,"UA24690",168,163,0,1797.63278
456,918,24,12,11,84,50,"WN4540",195,189,0,2399.52594
456,918,26,12,11,222,174,"WN22430",85,93,8,542.34758
456,918,29,12,11,291,174,"WN41660",80,72,0,495.67672
3655,919,7,8,10,285,274,"OO54530",213,202,0,2385.0418799999998
701,919,28,4,5,75,302,"F916740",139,126,0,1306.78408
539,921,19,3,4,39,75,"MQ34930",161,173,12,1210.22368
2,922,17,10,9,304,228,"YX47280",81,69,0,415.20972
539,923,6,3,4,39,75,"MQ34930",173,151,0,1210.22368
0,923,9,2,3,183,17,"DL9700",158,132,0,1226.31708
3655,923,11,8,10,201,285,"OO55390",100,103,3,529.47286
3655,923,20,8,10,228,20,"OO52570",109,119,10,862.60624
456,923,27,12,11,139,223,"WN40750",45,40,0,160.934
0,923,29,2,3,19,17,"DL14911",139,146,7,1308.39342
2392,923,29,5,10,114,228,"OO54530",115,102,0,743.51508
0,924,5,2,3,274,17,"DL14651",138,136,0,1406.56316
13,925,11,11,10,285,16,"OO58290",148,136,0,1364.72032
13,925,22,11,10,285,16,"OO58290",148,134,0,1364.72032
13,925,27,11,10,285,16,"OO58290",148,138,0,1364.72032
13,926,29,11,10,285,16,"OO58290",147,,,1364.72032
2,927,2,10,9,183,318,"YX43410",233,211,0,1981.09754
615,927,11,0,0,75,283,"AS3930",311,290,0,3162.3531
2695,927,30,13,12,238,17,"NK4610",144,,,1071.82044
2,928,1,10,9,238,154,"YX43580",134,110,0,946.29192
2248,928,16,9,8,142,65,"OH50700",127,106,0,907.66776
3655,928,16,8,10,267,174,"OO59490",106,123,17,629.25194
539,928,17,3,4,228,129,"MQ36480",116,111,0,947.90126
539,928,22,3,4,228,129,"MQ36480",116,115,0,947.90126
2248,928,28,9,8,142,65,"OH50700",127,134,7,907.66776
2695,930,13,13,12,85,90,"NK4180",161,140,0,1586.80924
2248,930,26,9,8,65,53,"OH50990",94,97,3,634.07996
2248,930,27,9,8,65,53,"OH50990",94,108,14,634.07996
539,931,1,3,4,191,85,"MQ33911",81,139,58,497.28606
55,931,2,14,13,149,19,"UA19800",66,59,0,225.3076
541,933,23,6,6,283,139,"HA6690",380,384,4,4308.20318
541,933,28,6,6,283,139,"HA6690",380,390,10,4308.20318
456,938,8,12,11,185,139,"WN41060",45,36,0,164.15268
3655,938,17,8,10,107,174,"OO57590",85,68,0,336.35206
701,939,22,4,5,238,194,"F938550",170,145,0,1385.64174
2,940,12,10,9,228,244,"YX45700",98,97,0,664.65742
3655,941,8,8,10,267,285,"OO56040",90,75,0,308.99328
3655,941,10,8,10,267,285,"OO56040",90,111,21,308.99328
3655,941,19,8,10,267,285,"OO56040",90,66,0,308.99328
13,941,21,11,10,267,285,"OO56040",90,65,0,308.99328
456,943,7,12,11,273,296,"WN19141",105,95,0,772.4832
3655,943,29,8,10,285,276,"OO52180",79,67,0,421.64708
3655,944,2,8,10,217,285,"OO54840",289,241,0,2557.24126
2695,945,11,13,12,65,183,"NK6550",114,116,2,875.48096
2695,945,16,13,12,65,183,"NK6550",114,99,0,875.48096
2248,947,20,9,8,63,81,"OH55531",83,79,0,498.8954
0,948,7,2,3,17,81,"DL3250",101,89,0,880.30898
456,948,28,12,11,273,239,"WN31010",80,66,0,489.23936
2,951,29,10,9,154,39,"YX47260",133,128,0,1316.44012
3655,952,5,8,10,217,285,"OO54840",286,260,0,2557.24126
55,952,17,14,13,17,285,"UA12590",351,346,0,3442.37826
2695,952,24,13,12,271,90,"NK4150",186,222,36,1744.52456
615,952,28,0,0,236,273,"AS11220",151,160,9,1501.51422
3655,953,4,8,10,285,6,"OO46950",83,71,0,402.335
13,953,4,11,10,84,16,"OO57790",64,51,0,201.1675
13,953,8,11,10,84,16,"OO57790",64,50,0,201.1675
13,953,9,11,10,84,16,"OO57790",64,52,0,201.1675
2,953,9,10,9,162,154,"YX45860",154,121,0,1070.2111
13,953,10,11,10,84,16,"OO57790",64,44,0,201.1675
541,953,12,6,6,139,294,"HA960",375,374,0,4818.36396
13,953,12,11,10,84,16,"OO57790",64,48,0,201.1675
3655,953,13,8,10,84,224,"OO57610",103,99,0,796.6233
541,953,14,6,6,139,294,"HA960",375,351,0,4818.36396
541,953,17,6,6,139,294,"HA960",375,362,0,4818.36396
13,953,23,11,10,84,16,"OO57790",64,42,0,201.1675
3655,953,26,8,10,84,224,"OO57610",103,97,0,796.6233
13,953,28,11,10,84,16,"OO57790",64,49,0,201.1675
701,954,7,4,5,84,239,"F921050",129,117,0,968.82268
2,955,26,10,9,228,199,"YX44330",114,99,0,790.18594
615,955,27,0,0,239,285,"AS1281",125,132,7,1047.68034
2695,956,28,13,12,149,174,"NK3170",234,218,0,2219.27986
55,958,19,14,13,285,239,"UA11870",123,133,10,1047.68034
615,959,17,0,0,236,49,"AS10620",134,125,0,1314.83078
13,963,15,11,10,84,308,"OO58750",128,118,0,896.40238
539,968,15,3,4,85,31,"MQ34870",179,191,12,1739.69654
2695,969,8,13,12,271,90,"NK3220",184,180,0,1744.52456
2248,970,1,9,8,282,81,"OH52501",97,98,1,762.82716
539,970,10,3,4,144,85,"MQ39411",137,113,0,970.43202
615,971,18,0,0,17,283,"AS4970",340,321,0,3511.57988
701,972,20,4,5,75,194,"F915660",142,128,0,1218.27038
701,972,27,4,5,75,194,"F915660",142,127,0,1218.27038
2695,973,0,13,12,206,103,"NK3440",189,161,0,1746.1339
2248,973,9,9,8,255,81,"OH55861",99,106,7,572.92504
3655,973,12,8,10,84,250,"OO46770",170,153,0,1371.15768
615,973,29,0,0,273,283,"AS11990",189,192,3,1689.807
539,976,20,3,4,66,39,"MQ33481",112,105,0,1029.9776
2695,976,22,13,12,206,39,"NK1840",207,189,0,2024.54972
2695,977,5,13,12,65,206,"NK38880",126,134,8,1046.071
456,978,1,12,11,139,168,"WN38690",50,48,0,262.32242
701,978,6,4,5,194,17,"F940250",119,105,0,650.17336
539,978,14,3,4,85,209,"MQ36010",115,121,6,1112.05394
2695,978,15,13,12,149,174,"NK3170",227,214,0,2219.27986
701,981,9,4,5,172,84,"F946120",120,112,0,1010.66552
2248,981,18,9,8,20,81,"OH51701",91,160,69,617.98656
2695,983,4,13,12,194,238,"NK39990",156,139,0,1385.64174
55,983,7,14,13,84,267,"UA7190",150,130,0,1293.90936
3655,983,16,8,10,174,296,"OO54300",100,89,0,600.28382
3655,983,23,8,10,174,254,"OO55750",66,51,0,177.0274
539,983,24,3,4,315,206,"MQ41991",65,63,0,328.30536
55,983,25,14,13,84,267,"UA7190",150,150,0,1293.90936
539,983,26,3,4,206,75,"MQ36710",178,201,23,1525.65432
701,984,2,4,5,172,84,"F946120",120,124,4,1010.66552
13,985,2,11,10,16,174,"OO59400",158,,,1186.08358
2248,985,3,9,8,58,81,"OH55541",102,101,0,714.54696
701,985,29,4,5,75,194,"F915660",142,212,70,1218.27038
701,987,1,4,5,84,172,"F949670",129,119,0,1010.66552
2248,987,13,9,8,37,81,"OH50681",105,110,5,904.44908
2392,988,5,5,10,228,207,"OO53200",58,44,0,107.82578
2392,988,7,5,10,228,207,"OO53200",58,61,3,107.82578
2392,988,12,5,10,228,207,"OO53200",58,58,0,107.82578
0,988,22,2,3,17,239,"DL7570",254,241,0,2554.02258
55,989,18,14,13,19,285,"UA2920",246,268,22,2420.44736
2,992,7,10,9,228,255,"YX44430",140,126,0,1366.32966
456,993,6,12,11,168,139,"WN40990",55,45,0,262.32242
2695,994,29,13,12,194,238,"NK39990",156,142,0,1385.64174
55,996,11,14,13,84,134,"UA21650",60,53,0,226.91694
2248,996,30,9,8,275,81,"OH52321",107,,,835.24746
2392,998,0,5,10,228,18,"OO47480",72,52,0,257.4944
2392,998,3,5,10,228,18,"OO47480",72,55,0,257.4944
701,998,4,4,5,271,317,"F917440",172,148,0,1654.40152
2248,998,8,9,8,81,46,"OH54830",182,181,0,1585.1999
2248,998,13,9,8,81,53,"OH53050",80,67,0,440.95916
2248,998,19,9,8,81,53,"OH53050",80,87,7,440.95916
2248,998,29,9,8,81,46,"OH54830",182,157,0,1585.1999
701,999,30,4,5,75,315,"F913040",137,155,18,1244.01982
13,1000,18,11,10,16,174,"OO59400",158,151,0,1186.08358
13,1000,23,11,10,16,174,"OO59400",158,128,0,1186.08358
55,1000,23,14,13,206,228,"UA16390",213,190,0,1926.37998
701,1002,21,4,5,228,271,"F938000",181,183,2,1802.4608
539,1002,27,3,4,206,207,"MQ33810",234,206,0,2024.54972
2248,1003,14,9,8,81,37,"OH50680",141,,,904.44908
541,1003,19,6,6,285,139,"HA6230",350,322,0,3859.1973199999998
2248,1007,6,9,8,81,207,"OH56560",131,154,23,1020.32156
2,1007,10,10,9,81,199,"YX46810",163,154,0,1226.31708
2,1007,19,10,9,81,199,"YX46810",163,137,0,1226.31708
2,1007,24,10,9,81,282,"YX46720",125,120,0,762.82716
0,1008,1,2,3,162,111,"DL14140",203,184,0,1720.38446
2,1008,4,10,9,183,81,"YX46270",89,,,344.39876
2392,1008,6,5,10,228,87,"OO52750",97,103,6,638.90798
2392,1008,11,5,10,228,87,"OO52750",97,113,16,638.90798
0,1008,13,2,3,66,17,"DL28901",109,87,0,719.37498
615,1008,15,0,0,283,14,"AS2280",232,229,0,2330.32432
615,1008,19,0,0,174,285,"AS8710",86,90,4,542.34758
456,1008,23,12,11,184,222,"WN9580",85,65,0,568.09702
615,1008,24,0,0,283,236,"AS9580",56,52,0,207.60486
0,1008,24,2,3,217,183,"DL27330",156,158,2,1641.5268
0,1008,27,2,3,66,17,"DL28901",109,89,0,719.37498
2695,1009,29,13,12,90,194,"NK3090",176,166,0,1540.13838
701,1011,12,4,5,271,238,"F915780",166,165,0,1598.07462
2,1012,0,10,9,81,282,"YX46720",118,116,0,762.82716
2248,1012,4,9,8,81,53,"OH53050",92,169,77,440.95916
2,1012,4,10,9,183,66,"YX44570",127,106,0,770.87386
615,1012,12,0,0,283,174,"AS12230",165,154,0,1535.31036
615,1012,16,0,0,283,285,"AS10140",132,119,0,1092.74186
2,1012,20,10,9,183,39,"YX43460",67,67,0,296.11856
2,1012,22,10,9,183,81,"YX46270",78,83,5,344.39876
539,1012,29,3,4,81,17,"MQ38070",134,,,880.30898
3,1013,9,1,2,162,174,"AA1170",396,359,0,3983.1165
3,1013,17,1,2,162,174,"AA1170",396,366,0,3983.1165
615,1017,26,0,0,283,285,"AS10160",130,149,19,1092.74186
541,1018,0,6,6,139,294,"HA960",370,364,0,4818.36396
456,1018,0,12,11,141,273,"WN49330",215,206,0,2113.06342
2248,1018,10,9,8,17,81,"OH55581",115,,,880.30898
2,1018,18,10,9,39,66,"YX46410",144,130,0,1029.9776
3655,1018,22,8,10,285,260,"OO57110",107,91,0,743.51508
456,1018,27,12,11,223,139,"WN43160",50,44,0,160.934
2,1018,30,10,9,39,66,"YX46410",144,147,3,1029.9776
615,1024,22,0,0,283,260,"AS9240",64,65,1,366.92952
2695,1026,1,13,12,315,90,"NK14480",171,175,4,1581.98122
2695,1027,2,13,12,199,218,"NK17150",80,63,0,560.0503199999999
2392,1027,2,5,10,228,318,"OO52440",133,123,0,941.4639
2,1028,13,10,9,183,66,"YX44570",128,104,0,770.87386
2695,1028,18,13,12,111,50,"NK7760",155,141,0,1488.6395
2695,1028,19,13,12,111,50,"NK7760",155,139,0,1488.6395
539,1029,25,3,4,206,225,"MQ35130",250,249,0,2241.81062
539,1030,13,3,4,318,85,"MQ38670",82,,,381.41358
13,1033,1,11,10,84,191,"OO55330",112,103,0,906.05842
456,1033,4,12,11,304,150,"WN31660",90,90,0,630.86128
2695,1033,7,13,12,271,90,"NK8360",181,168,0,1744.52456
55,1033,20,14,13,228,225,"UA5330",104,92,0,669.48544
13,1033,30,11,10,84,16,"OO57810",56,63,7,201.1675
13,1038,17,11,10,84,16,"OO57810",64,,,201.1675
456,1038,19,12,11,283,291,"WN43560",125,114,0,1120.1006399999999
2,1038,30,10,9,39,81,"YX43830",113,,,642.12666
2695,1039,21,13,12,271,90,"NK3220",181,180,0,1744.52456
2695,1042,9,13,12,90,271,"NK8350",179,167,0,1744.52456
2695,1042,26,13,12,183,90,"NK3120",124,118,0,807.88868
3,1043,6,1,2,162,285,"AA1770",412,388,0,4161.75324
2248,1043,7,9,8,81,74,"OH51640",78,76,0,400.72566
3,1043,11,1,2,162,285,"AA1770",410,372,0,4161.75324
13,1043,14,11,10,84,286,"OO54700",116,122,6,1025.14958
539,1043,16,3,4,239,260,"MQ35010",159,154,0,1437.14062
3,1043,26,1,2,162,285,"AA1770",410,421,11,4161.75324
456,1043,29,12,11,174,319,"WN16460",90,83,0,725.81234
456,1043,30,12,11,197,261,"WN20910",110,106,0,1017.10288
55,1045,27,14,13,172,84,"UA17620",118,110,0,1010.66552
2,1048,25,10,9,228,224,"YX44170",147,141,0,1115.27262
456,1048,26,12,11,174,222,"WN40790",90,74,0,542.34758
2,1049,17,10,9,228,39,"YX44620",150,144,0,1395.29778
615,1051,13,0,0,239,233,"AS5140",192,187,0,1823.38222
3655,1051,27,8,10,84,89,"OO54450",112,99,0,947.90126
2392,1053,1,5,10,228,87,"OO52750",97,100,3,638.90798
2392,1053,4,5,10,228,87,"OO52750",97,94,0,638.90798
541,1053,22,6,6,174,139,"HA770",379,349,0,4113.47304
541,1053,27,6,6,174,139,"HA770",379,343,0,4113.47304
539,1055,23,3,4,206,161,"MQ34770",99,91,0,539.1289
2248,1056,17,9,8,65,142,"OH51520",124,123,0,907.66776
2695,1057,17,13,12,90,85,"NK7700",189,165,0,1586.80924
2695,1058,6,13,12,149,206,"NK2270",145,131,0,1551.40376
2,1058,8,10,9,228,318,"YX44420",133,122,0,941.4639
2,1058,15,10,9,228,59,"YX45830",76,90,14,315.43064
2,1058,16,10,9,228,59,"YX45830",76,71,0,315.43064
539,1063,3,3,4,85,328,"MQ35940",72,77,5,450.6152
456,1063,5,12,11,194,66,"WN44180",140,149,9,1290.69068
0,1063,10,2,3,90,239,"DL20760",261,262,1,2689.20714
539,1064,30,3,4,206,152,"MQ36810",131,163,32,967.21334
539,1065,0,3,4,85,1,"MQ37950",64,48,0,254.27572
539,1065,1,3,4,85,1,"MQ37950",64,63,0,254.27572
55,1068,10,14,13,84,172,"UA2840",127,109,0,1010.66552
2248,1071,20,9,8,81,304,"OH52340",144,143,0,1157.11546
701,1072,3,4,5,65,183,"F931340",121,147,26,875.48096
2,1072,3,10,9,183,63,"YX47220",106,95,0,674.31346
3,1073,3,1,2,162,174,"AA3000",398,337,0,3983.1165
13,1073,3,11,10,84,224,"OO58410",102,88,0,796.6233
3655,1073,17,8,10,174,107,"OO52390",75,57,0,336.35206
456,1073,28,12,11,239,70,"WN41240",100,100,0,886.74634
3,1073,29,1,2,162,174,"AA3000",389,395,6,3983.1165
701,1074,10,4,5,235,238,"F925820",161,163,2,1530.48234
13,1075,24,11,10,84,38,"OO59230",133,116,0,1044.46166
55,1077,1,14,13,84,193,"UA14760",100,93,0,857.77822
55,1077,14,14,13,84,193,"UA14760",100,94,0,857.77822
3655,1077,28,8,10,84,287,"OO51410",115,99,0,832.02878
2695,1079,14,13,12,149,174,"NK8410",234,233,0,2219.27986
2248,1083,15,9,8,81,152,"OH50170",83,106,23,513.37946
3655,1083,30,8,10,285,254,"OO47350",104,87,0,677.53214
456,1088,7,12,11,296,172,"WN44650",85,81,0,638.90798
456,1093,13,12,11,239,236,"WN41710",165,174,9,1623.82406
0,1093,15,2,3,17,84,"DL9560",204,204,0,1929.5986599999999
2695,1096,12,13,12,17,194,"NK4560",98,76,0,650.17336
2,1098,11,10,9,162,81,"YX45460",95,82,0,342.78942
0,1098,21,2,3,17,294,"DL4530",257,265,8,2558.8506
2,1099,1,10,9,154,81,"YX45930",104,101,0,804.67
3655,1100,10,8,10,285,250,"OO55590",123,103,0,997.7908
3655,1100,11,8,10,285,250,"OO55590",123,110,0,997.7908
615,1102,2,0,0,236,273,"AS11620",150,133,0,1501.51422
2,1102,5,10,9,183,90,"YX45980",119,142,23,807.88868
615,1102,14,0,0,236,273,"AS11620",150,136,0,1501.51422
701,1103,5,4,5,194,39,"F919780",184,193,9,1804.07014
615,1103,7,0,0,283,105,"AS570",241,213,0,2467.11822
456,1103,15,12,11,194,50,"WN19140",135,119,0,1266.55058
3655,1103,19,8,10,285,6,"OO46950",86,93,7,402.335
701,1107,5,4,5,90,194,"F948000",172,144,0,1540.13838
2,1108,23,10,9,162,261,"YX45730",116,101,0,687.18818
701,1108,28,4,5,302,75,"F932950",143,138,0,1306.78408
0,1112,16,2,3,17,255,"DL20640",140,138,0,1453.23402
615,1113,10,0,0,283,267,"AS10160",109,98,0,907.66776
2248,1113,16,9,8,65,74,"OH52070",69,75,6,355.66414
2248,1113,28,9,8,65,74,"OH52070",69,76,7,355.66414
539,1115,9,3,4,65,18,"MQ42520",149,126,0,1194.13028
0,1121,9,2,3,17,172,"DL8250",277,271,0,2811.51698
539,1122,24,3,4,206,193,"MQ33530",223,251,28,2013.28434
545,1123,28,7,7,162,293,"B619030",230,219,0,2571.72532
539,1123,28,3,4,206,130,"MQ38070",128,151,23,1025.14958
615,1123,30,0,0,174,147,"AS2130",290,274,0,3682.16992
615,1124,24,0,0,236,14,"AS1970",227,216,0,2481.60228
3,1125,7,1,2,285,162,"AA2760",337,330,0,4161.75324
2695,1125,28,13,12,174,90,"NK3180",262,256,0,3184.88386
2695,1126,30,13,12,17,194,"NK4560",96,,,650.17336
539,1132,11,3,4,85,37,"MQ38980",108,113,5,1015.4935399999999
539,1132,12,3,4,85,37,"MQ38980",108,110,2,1015.4935399999999
701,1133,0,4,5,183,85,"F934230",260,238,0,2235.37326
539,1133,7,3,4,206,144,"MQ40770",156,133,0,1161.94348
2248,1133,18,9,8,81,80,"OH54730",102,89,0,629.25194
3,1135,10,1,2,174,162,"AA100",328,314,0,3983.1165
3,1135,13,1,2,174,162,"AA100",328,326,0,3983.1165
3,1135,18,1,2,174,162,"AA100",328,323,0,3983.1165
3,1135,24,1,2,174,162,"AA100",328,316,0,3983.1165
2695,1136,10,13,12,271,65,"NK4980",116,120,4,965.604
2248,1140,3,9,8,81,12,"OH51880",83,79,0,511.77012
2695,1141,15,13,12,174,90,"NK3180",262,241,0,3184.88386
2,1143,4,10,9,81,244,"YX47630",78,,,328.30536
2248,1143,12,9,8,81,63,"OH56130",97,80,0,498.8954
2695,1143,23,13,12,103,111,"NK4460",193,198,5,1713.9471
2248,1145,2,9,8,81,205,"OH52830",90,94,4,653.39204
2695,1146,20,13,12,90,217,"NK3230",113,92,0,849.73152
701,1148,7,4,5,239,84,"F947540",114,118,4,968.82268
2248,1149,9,9,8,81,255,"OH52300",95,81,0,572.92504
2248,1149,30,9,8,81,255,"OH56330",95,,,572.92504
2695,1154,26,13,12,90,174,"NK5210",312,290,0,3184.88386
701,1157,25,4,5,172,75,"F934120",222,239,17,2700.47252
2695,1158,5,13,12,206,218,"NK2220",142,124,0,1086.3045
3,1162,20,1,2,174,39,"AA24530",327,308,0,4201.98674
539,1163,10,3,4,85,143,"MQ33440",93,84,0,741.90574
2695,1163,27,13,12,274,174,"NK6920",185,183,0,1948.91074
0,1168,6,2,3,17,235,"DL14950",105,91,0,877.0903
0,1168,22,2,3,239,17,"DL5400",206,209,3,2554.02258
701,1169,27,4,5,194,75,"F925470",143,129,0,1218.27038
2248,1173,11,9,8,81,48,"OH52430",77,78,1,476.36464
3655,1175,5,8,10,285,276,"OO55570",77,69,0,421.64708
701,1175,6,4,5,17,261,"F911680",87,76,0,572.92504
0,1178,12,2,3,17,149,"DL16010",134,169,35,1108.83526
13,1178,18,11,10,174,273,"OO56120",58,41,0,175.41806
0,1178,20,2,3,17,149,"DL16010",134,130,0,1108.83526
13,1178,23,11,10,174,273,"OO56120",58,49,0,175.41806
0,1182,5,2,3,17,274,"DL15080",158,148,0,1406.56316
0,1182,13,2,3,17,85,"DL8180",147,159,12,1176.42754
0,1182,28,2,3,17,85,"DL8180",147,164,17,1176.42754
539,1183,29,3,4,206,313,"MQ35850",97,,,646.95468
3,1185,27,1,2,285,162,"AA2760",337,325,0,4161.75324
0,1187,27,2,3,17,238,"DL26420",115,106,0,1071.82044
701,1191,30,4,5,315,75,"F913030",141,122,0,1244.01982
3,1192,1,1,2,174,162,"AA280",316,294,0,3983.1165
3,1192,4,1,2,174,162,"AA280",316,306,0,3983.1165
545,1192,18,7,7,162,39,"B615180",79,64,0,300.94658
3,1192,22,1,2,174,162,"AA280",329,345,16,3983.1165
0,1192,29,2,3,17,274,"DL15080",158,140,0,1406.56316
701,1192,29,4,5,194,75,"F925470",143,186,43,1218.27038
3655,1193,2,8,10,285,214,"OO56700",58,75,17,123.91918
615,1193,23,0,0,283,218,"AS4900",274,260,0,3357.08324
2695,1208,13,13,12,90,217,"NK3230",104,101,0,849.73152
701,1208,22,4,5,194,41,"F919540",161,159,0,1816.94486
541,1208,23,6,6,139,285,"HA6240",305,288,0,3859.1973199999998
541,1208,28,6,6,139,285,"HA6240",305,286,0,3859.1973199999998
0,1208,30,2,3,172,17,"DL7220",224,202,0,2811.51698
0,1232,10,2,3,239,17,"DL9290",206,188,0,2554.02258
541,1247,19,6,6,139,174,"HA780",320,336,16,4113.47304
701,1251,9,4,5,84,238,"F933400",205,206,1,2507.35172
615,1251,15,0,0,14,172,"AS1070",309,315,6,3707.91936
